Fornvan	Fullt navn	kjønn
Abid	Abid Q. Raja	mann
Anna	Anna Ljunggren	kvinne
Audun	Audun Lysbakken	mann
Anders	Anders Anundsen	mann
Anniken	Anniken Huitfeldt	kvinne
André	André N. Skjelstad	mann
Arve	Arve Kambe	mann
Åse	Åse Michaelsen	kvinne
Anette	Anette Trettebergstuen	kvinne
Anne	Anne Tingelstad Wøien	kvinne
Anders	Anders Tyvand	mann
Anders	Anders B. Werp	mann
Bente	Bente Stein Mathisen	kvinne
Bent	Bent Høie	mann
Bjørn	Bjørn Lødemel	mann
Bengt	Bengt Morten Wenstøb	mann
Bente	Bente Thorsen	kvinne
Bård	Bård Vegar Solhjell	mann
Bård	Bård Hoksrud	mann
Christian	Christian Tybring-Gjedde	mann
Christian	Christian Tynning Bjørnø	mann
Dag	Dag Terje Andersen	mann
Elin	Elin Rodum Agdestein	kvinne
Elisabeth	Elisabeth Vik Aspaker	kvinne
Else-May	Else-May Botten	kvinne
Eirik	Eirik Sivertsen	mann
Eirin	Eirin Sund	kvinne
Elisabeth	Elisabeth Røbekk Nørve	kvinne
Eirik	Eirik Milde	mann
Erna	Erna Solberg	kvinne
Eva	Eva Kristin Hansen	kvinne
Erlend	Erlend Wiborg	mann
Frank	Frank Bakke-Jensen	mann
Fredric	Fredric Holen Bjørdal	mann
Frank	Frank J. Jenssen	mann
Morten	Morten Stordalen	mann
Freddy	Freddy de Ruiter	mann
Gunnar	Gunnar Gundersen	mann
Geir	Geir Sigbjørn Toskedal	mann
Geir	Geir Jørgen Bekkevold	mann
Gjermund	Gjermund Hagesæter	mann
Geir	Geir Pollestad	mann
Gunvor	Gunvor Eldegard	kvinne
Henrik	Henrik Asheim	mann
Heikki	Heikki Eidsvoll Holmås	mann
Heidi	Heidi Greni	kvinne
Helge	Helge Orten	mann
Hans	Hans Fredrik Grøvan	mann
Hege	Hege Haukeland Liadal	kvinne
Hans	Hans Andreas Limi	mann
Helge	Helge André Njåstad	mann
Hans	Hans Olav Syversen	mann
Helga	Helga Pedersen	kvinne
Hadia	Hadia Tajik	kvinne
Harald	Harald T. Nesvik	mann
Ingunn	Ingunn Foss	kvinne
Ingebjørg	Ingebjørg Amanda Godskesen	kvinne
Ib	Ib Thomsen	mann
Ingrid	Ingrid Heggø	kvinne
Irene	Irene Johansen	kvinne
Ine	Ine M. Eriksen Søreide	kvinne
Iselin	Iselin Nybø	kvinne
Ingvild	Ingvild Kjerkol	kvinne
Ingjerd	Ingjerd Schou	kvinne
Jan	Jan Arild Ellingsen	mann
Jorodd	Jorodd Asphjell	mann
Jan	Jan Bøhler	mann
Jens	Jens Stoltenberg	mann
Jan-Henrik	Jan-Henrik Fredriksen	mann
Jette	Jette F. Christensen	kvinne
Jonas	Jonas Gahr Støre	mann
Jørund	Jørund Rytman	mann
Jenny	Jenny Klinge	kvinne
Janne	Janne Sjelmo Nordås	kvinne
Jan	Jan Tore Sanner	mann
Kårstein	Kårstein Eidem Løvaas	mann
Kari	Kari Henriksen	kvinne
Karianne	Karianne O. Tung	kvinne
Kent	Kent Gudmundsen	mann
Kenneth	Kenneth Svendsen	mann
Ketil	Ketil Kjenseth	mann
Kirsti	Kirsti Bergstø	kvinne
Kjell	Kjell Ingolf Ropstad	mann
Kjersti	Kjersti Toppe	kvinne
Kjell-Idar	Kjell-Idar Juvik	mann
Kari	Kari Kjønaas Kjos	kvinne
Knut	Knut Arild Hareide	mann
Knut	Knut Storberget	mann
Kristin	Kristin Ørmen Johnsen	kvinne
Kristin	Kristin Vinje	kvinne
Kåre	Kåre Simensen	mann
Karin	Karin Andersen	kvinne
Linda	Linda C. Hofstad Helleland	kvinne
Line	Line Henriette Hjemdal	kvinne
Lisbeth	Lisbeth Berg-Hansen	kvinne
Lise	Lise Christoffersen	kvinne
Liv	Liv Signe Navarsete	kvinne
Lene	Lene Vågslid	kvinne
Magne	Magne Rommetveit	mann
Martin	Martin Kolberg	mann
Marianne	Marianne Marthinsen	kvinne
Margunn	Margunn Ebbesen	kvinne
Mette	Mette Tønder	kvinne
Martin	Martin Henriksen	mann
Michael	Michael Tetzschner	mann
Marit	Marit Nybakk	kvinne
Morten	Morten Ørsal Johansen	mann
Morten	Morten Wold	mann
Mudassar	Mudassar Kapur	mann
Marit	Marit Arnstad	kvinne
Marianne	Marianne Aasen	kvinne
Nikolai	Nikolai Astrup	mann
Nils	Nils Aage Jegstad	mann
Norunn	Norunn Tveiten Benestad	kvinne
Ove	Ove Trellevik	mann
Odd	Odd Henriksen	mann
Odd	Odd Omland	mann
Oskar	Oskar J. Grimstad	mann
Ola	Ola Elvestuen	mann
Olemic	Olemic Thommessen	mann
Olaug	Olaug V. Bollestad	kvinne
Øyvind	Øyvind Korsberg	mann
Pål	Pål Farstad	mann
Peter	Peter Christian Frølich	mann
Per	Per Sandberg	mann
Per	Per Olaf Lundteigen	mann
Per	Per Rune Henriksen	mann
Rigmor	Rigmor Andersen Eide	kvinne
Rasmus	Rasmus Hansson	mann
Rigmor	Rigmor Aasrud	kvinne
Roy	Roy Steffensen	mann
Ruth	Ruth Grung	kvinne
Svein	Svein Flåtten	mann
Stein	Stein Erik Lauvås	mann
Svein	Svein Harberg	mann
Sivert	Sivert Bjørnstad	mann
Sigurd	Sigurd Hille	mann
Solveig	Solveig Horne	kvinne
Siv	Siv Jensen	kvinne
Siri	Siri A. Meling	kvinne
Sverre	Sverre Myrli	mann
Snorre	Snorre Serigstad Valen	mann
Sonja	Sonja Mandt	kvinne
Svein	Svein Roald Hansen	mann
Stefan	Stefan Heggelund	mann
Stine	Stine Renate Håheim	kvinne
Sveinung	Sveinung Rotevatn	mann
Sylvi	Sylvi Graham	kvinne
Tor	Tor André Johnsen	mann
Terje	Terje Breivik	mann
Terje	Terje Aasland	mann
Trond	Trond Giske	mann
Tina	Tina Bru	kvinne
Torgeir	Torgeir Knag Fylkesnes	mann
Tove	Tove Karoline Knutsen	kvinne
Torgeir	Torgeir Micaelsen	mann
Tone	Tone Merete Sønsterud	kvinne
Trygve	Trygve Slagsvold Vedum	mann
Torill	Torill Eidsheim	kvinne
Tore	Tore Hagebakken	mann
Torbjørn	Torbjørn Røe Isaksen	mann
Trond	Trond Helleland	mann
Trine	Trine Skei Grande	kvinne
Torstein	Torstein Tvedt Solberg	mann
Tone	Tone Wilhelmsen Trøen	kvinne
Ulf	Ulf Leirstein	mann
Øyvind	Øyvind Halleraker	mann
Arild	Arild Grande	mann
Åsmund	Åsmund Aukrust	mann
André	André Oktay Dahl	mann
Arne	Arne Sortevik	mann
Åge	Åge Starheim	mann
Aksel	Aksel Hagen	mann
Alf	Alf Egil Holmelid	mann
Anna	Anna Ljunggren	kvinne
Audun	Audun Lysbakken	mann
Anders	Anders Anundsen	mann
Anne	Anne Marit Bjørnflaten	kvinne
Anniken	Anniken Huitfeldt	kvinne
Anne-Grete	Anne-Grete Strøm-Erichsen	kvinne
Arve	Arve Kambe	mann
Åse	Åse Michaelsen	kvinne
Anette	Anette Trettebergstuen	kvinne
Anne	Anne Tingelstad Wøien	kvinne
Anders	Anders B. Werp	mann
Bendiks	Bendiks H. Arnesen	mann
Bent	Bent Høie	mann
Bjørn	Bjørn Lødemel	mann
Borghild	Borghild Tenden	kvinne
Bente	Bente Thorsen	kvinne
Bård	Bård Vegar Solhjell	mann
Bård	Bård Hoksrud	mann
Christian	Christian Tybring-Gjedde	mann
Dagrun	Dagrun Eriksen	kvinne
Dagfinn	Dagfinn Høybråten	mann
Dag	Dag Ole Teigen	mann
Dag	Dag Terje Andersen	mann
Elisabeth	Elisabeth Vik Aspaker	kvinne
Else-May	Else-May Botten	kvinne
Eirik	Eirik Sivertsen	mann
Eirin	Eirin Sund	kvinne
Elisabeth	Elisabeth Røbekk Nørve	kvinne
Erna	Erna Solberg	kvinne
Eva	Eva Kristin Hansen	kvinne
Frank	Frank Bakke-Jensen	mann
Freddy	Freddy de Ruiter	mann
Gunnar	Gunnar Gundersen	mann
Geir-Ketil	Geir-Ketil Hansen	mann
Geir	Geir Jørgen Bekkevold	mann
Gjermund	Gjermund Hagesæter	mann
Gerd	Gerd Janne Kristoffersen	kvinne
Gunn	Gunn Karin Gjul	kvinne
Gorm	Gorm Kjernli	mann
Gunvor	Gunvor Eldegard	kvinne
Gunn	Gunn Olsen	kvinne
Hans	Hans Frode Kielland Asmyhr	mann
Heikki	Heikki Eidsvoll Holmås	mann
Henning	Henning Warloe	mann
Hallgeir	Hallgeir H. Langeland	mann
Hilde	Hilde Magnusson	kvinne
Hans	Hans Olav Syversen	mann
Helga	Helga Pedersen	kvinne
Henning	Henning Skumsvoll	mann
Hadia	Hadia Tajik	kvinne
Harald	Harald T. Nesvik	mann
Ingebjørg	Ingebjørg Amanda Godskesen	kvinne
Ib	Ib Thomsen	mann
Ingrid	Ingrid Heggø	kvinne
Irene	Irene Johansen	kvinne
Ine	Ine M. Eriksen Søreide	kvinne
Inga	Inga Marte Thorkildsen	kvinne
Ingalill	Ingalill Olsen	kvinne
Irene	Irene Lange Nordahl	kvinne
Ingjerd	Ingjerd Schou	kvinne
Ivar	Ivar Kristiansen	mann
Jan	Jan Arild Ellingsen	mann
Jorodd	Jorodd Asphjell	mann
Jan	Jan Bøhler	mann
Jens	Jens Stoltenberg	mann
Jan-Henrik	Jan-Henrik Fredriksen	mann
Jonas	Jonas Gahr Støre	mann
Jørund	Jørund Rytman	mann
Jenny	Jenny Klinge	kvinne
Jon	Jon Jæger Gåsvatn	mann
Janne	Janne Sjelmo Nordås	kvinne
Jan	Jan Tore Sanner	mann
Kari	Kari Henriksen	kvinne
Kenneth	Kenneth Svendsen	mann
Ketil	Ketil Solvik-Olsen	mann
Kristin	Kristin Halvorsen	kvinne
Kjell	Kjell Ingolf Ropstad	mann
Kjersti	Kjersti Toppe	kvinne
Kari	Kari Kjønaas Kjos	kvinne
Knut	Knut Arild Hareide	mann
Knut	Knut Storberget	mann
Kåre	Kåre Simensen	mann
Karin	Karin S. Woldseth	kvinne
Karin	Karin Andersen	kvinne
Laila	Laila Gustavsen	kvinne
Lars	Lars Peder Brekk	mann
Linda	Linda C. Hofstad Helleland	kvinne
Laila	Laila Dåvøy	kvinne
Line	Line Henriette Hjemdal	kvinne
Lise	Lise Christoffersen	kvinne
Lillian	Lillian Hansen	kvinne
Lars	Lars Myraune	mann
Laila	Laila Marie Reiertsen	kvinne
Liv	Liv Signe Navarsete	kvinne
Magne	Magne Rommetveit	mann
Martin	Martin Kolberg	mann
Marianne	Marianne Marthinsen	kvinne
Mette	Mette Hanekamhaug	kvinne
Michael	Michael Tetzschner	mann
Magnhild	Magnhild Meltveit Kleppa	kvinne
Marit	Marit Nybakk	kvinne
Morten	Morten Ørsal Johansen	mann
Morten	Morten Høglund	mann
Marianne	Marianne Aasen	kvinne
Nikolai	Nikolai Astrup	mann
Ola	Ola Borten Moe	mann
Oskar	Oskar J. Grimstad	mann
Olemic	Olemic Thommessen	mann
Øyvind	Øyvind Vaksdal	mann
Øyvind	Øyvind Korsberg	mann
Per	Per Roar Bredvold	mann
Peter	Peter Skovholt Gitmark	mann
Peter	Peter N. Myhre	mann
Per	Per Sandberg	mann
Per-Kristian	Per-Kristian Foss	mann
Per	Per Arne Olsen	mann
Per	Per Olaf Lundteigen	mann
Per	Per Rune Henriksen	mann
Per-Willy	Per-Willy Amundsen	mann
Rigmor	Rigmor Andersen Eide	kvinne
Robert	Robert Eriksson	mann
Rigmor	Rigmor Aasrud	kvinne
Svein	Svein Flåtten	mann
Svein	Svein Gjelseth	mann
Svein	Svein Harberg	mann
Solveig	Solveig Horne	kvinne
Siv	Siv Jensen	kvinne
Siri	Siri A. Meling	kvinne
Sverre	Sverre Myrli	mann
Snorre	Snorre Serigstad Valen	mann
Sigvald	Sigvald Oppebøen Hansen	mann
Sonja	Sonja Mandt	kvinne
Sonja	Sonja Irene Sjøli	kvinne
Svein	Svein Roald Hansen	mann
Steinar	Steinar Gullvåg	mann
Susanne	Susanne Bratli	kvinne
Sylvi	Sylvi Graham	kvinne
Tord	Tord Lien	mann
Tor-Arne	Tor-Arne Strøm	mann
Tor	Tor Bremer	mann
Thor	Thor Erik Forsberg	mann
Terje	Terje Aasland	mann
Trond	Trond Giske	mann
Thomas	Thomas Breen	mann
Tove	Tove Karoline Knutsen	kvinne
Torgeir	Torgeir Micaelsen	mann
Tone	Tone Merete Sønsterud	kvinne
Trygve	Trygve Slagsvold Vedum	mann
Torfinn	Torfinn Opheim	mann
Tore	Tore Hagebakken	mann
Tore	Tore Nordtun	mann
Torgeir	Torgeir Trældal	mann
Tove-Lise	Tove-Lise Torve	kvinne
Torstein	Torstein Rudihagen	mann
Torbjørn	Torbjørn Røe Isaksen	mann
Trond	Trond Helleland	mann
Trine	Trine Skei Grande	kvinne
Ulf	Ulf Erik Knudsen	mann
Ulf	Ulf Leirstein	mann
Vigdis	Vigdis Giltun	kvinne
Wenche	Wenche Olsen	kvinne
Øyvind	Øyvind Håbrekke	mann
Øyvind	Øyvind Halleraker	mann
Arild	Arild Grande	mann
André	André Oktay Dahl	mann
Åse	Åse Gunhild Woie Duesund	kvinne
Arne	Arne Sortevik	mann
Åge	Åge Starheim	mann
Ågot	Ågot Valle	kvinne
Alf	Alf Ivar Samuelsen	mann
Anna	Anna Ljunggren	kvinne
Anders	Anders Anundsen	mann
Anne	Anne Marit Bjørnflaten	kvinne
Anne	Anne Margrethe Larsen	kvinne
Anniken	Anniken Huitfeldt	kvinne
André	André N. Skjelstad	mann
Anne-Grete	Anne-Grete Strøm-Erichsen	kvinne
Åsa	Åsa Elvik	kvinne
Åse	Åse Michaelsen	kvinne
Asmund	Asmund Kristoffersen	mann
Anette	Anette Trettebergstuen	kvinne
Berit	Berit Brørby	kvinne
Bendiks	Bendiks H. Arnesen	mann
Bent	Bent Høie	mann
Bjarne	Bjarne Håkon Hanssen	mann
Britt	Britt Hildeng	kvinne
Bjørn	Bjørn Jacobsen	mann
Bjørg	Bjørg Tørresdal	kvinne
Børge	Børge Brende	mann
Borghild	Borghild Tenden	kvinne
Bård	Bård Hoksrud	mann
Carl	Carl I. Hagen	mann
Christian	Christian Tybring-Gjedde	mann
Dagfinn	Dagfinn Høybråten	mann
Dag	Dag Terje Andersen	mann
Elisabeth	Elisabeth Vik Aspaker	kvinne
Espen	Espen Granberg Johnsen	mann
Eirin	Eirin Sund	kvinne
Erna	Erna Solberg	kvinne
Eirin	Eirin Faldet	kvinne
Eli	Eli Sollied Øveraas	kvinne
Eva	Eva Kristin Hansen	kvinne
Eva	Eva M. Nielsen	kvinne
Finn	Finn Martin Vallersnes	mann
Freddy	Freddy de Ruiter	mann
Gunnar	Gunnar Gundersen	mann
Gjermund	Gjermund Hagesæter	mann
Gerd	Gerd Janne Kristoffersen	kvinne
Gunn	Gunn Karin Gjul	kvinne
Gunnar	Gunnar Kvassheim	mann
Gunvor	Gunvor Eldegard	kvinne
Gunvald	Gunvald Ludvigsen	mann
Gunn	Gunn Olsen	kvinne
Hans	Hans Frode Kielland Asmyhr	mann
Heikki	Heikki Eidsvoll Holmås	mann
Hallgeir	Hallgeir H. Langeland	mann
Hilde	Hilde Magnusson	kvinne
Hill-Marta	Hill-Marta Solberg	kvinne
Hans	Hans Olav Syversen	mann
Henning	Henning Skumsvoll	mann
Harald	Harald T. Nesvik	mann
Ib	Ib Thomsen	mann
Ingrid	Ingrid Heggø	kvinne
Inger	Inger Løite	kvinne
Irene	Irene Johansen	kvinne
Ine	Ine M. Eriksen Søreide	kvinne
Inga	Inga Marte Thorkildsen	kvinne
Inge	Inge Ryan	mann
Ingebrigt	Ingebrigt S. Sørfonn	mann
Inge	Inge Lønning	mann
Inger	Inger S. Enger	kvinne
Ivar	Ivar Kristiansen	mann
Jan	Jan Arild Ellingsen	mann
Jorodd	Jorodd Asphjell	mann
Jan	Jan Bøhler	mann
Jens	Jens Stoltenberg	mann
Jan-Henrik	Jan-Henrik Fredriksen	mann
Jørund	Jørund Rytman	mann
Jon	Jon Lilletun	mann
Jon	Jon Jæger Gåsvatn	mann
Jan	Jan Petersen	mann
Jan	Jan Sahl	mann
Jan	Jan Tore Sanner	mann
Karita	Karita Bekkemellem	kvinne
Kenneth	Kenneth Svendsen	mann
Ketil	Ketil Solvik-Olsen	mann
Kåre	Kåre Fostervold	mann
Kristin	Kristin Halvorsen	kvinne
Kari	Kari Kjønaas Kjos	kvinne
Kari	Kari Lise Holmberg	kvinne
Knut	Knut Storberget	mann
Karl	Karl Eirik Schjøtt-Pedersen	mann
Karin	Karin S. Woldseth	kvinne
Karin	Karin Andersen	kvinne
Lars	Lars Peder Brekk	mann
Laila	Laila Dåvøy	kvinne
Lena	Lena Jensen	kvinne
Leif	Leif Helge Kongshaug	mann
Line	Line Henriette Hjemdal	kvinne
Lise	Lise Christoffersen	kvinne
Lodve	Lodve Solholm	mann
Lars	Lars Sponheim	mann
Liv	Liv Signe Navarsete	kvinne
Marianne	Marianne Marthinsen	kvinne
Martin	Martin Engeset	mann
May	May Hansen	kvinne
May-Helen	May-Helen Molvær Grimstad	kvinne
Magnar	Magnar Lund Bergo	mann
Magnhild	Magnhild Meltveit Kleppa	kvinne
Marit	Marit Nybakk	kvinne
Morten	Morten Høglund	mann
Marianne	Marianne Aasen	kvinne
Olav	Olav Akselsen	mann
Ola	Ola Borten Moe	mann
Odd	Odd Einar Dørum	mann
Øystein	Øystein Djupedal	mann
Olemic	Olemic Thommessen	mann
Olav	Olav Gunnar Ballo	mann
Ola	Ola T. Lånke	mann
Øyvind	Øyvind Vaksdal	mann
Øyvind	Øyvind Korsberg	mann
Per	Per Roar Bredvold	mann
Peter	Peter Skovholt Gitmark	mann
Per	Per Ove Width	mann
Per	Per Sandberg	mann
Petter	Petter Løvik	mann
Per-Kristian	Per-Kristian Foss	mann
Per	Per Olaf Lundteigen	mann
Per	Per Rune Henriksen	mann
Per-Willy	Per-Willy Amundsen	mann
Robert	Robert Eriksson	mann
Rolf	Rolf Reikvam	mann
Reidar	Reidar Sandal	mann
Rune	Rune J. Skjælaaen	mann
Rolf	Rolf Terje Klungland	mann
Svein	Svein Flåtten	mann
Sigrun	Sigrun Eng	kvinne
Solveig	Solveig Horne	kvinne
Signe	Signe Øye	kvinne
Siv	Siv Jensen	kvinne
Sylvia	Sylvia Brustad	kvinne
Sverre	Sverre Myrli	mann
Sigvald	Sigvald Oppebøen Hansen	mann
Sonja	Sonja Mandt	kvinne
Sonja	Sonja Irene Sjøli	kvinne
Svein	Svein Roald Hansen	mann
Steinar	Steinar Gullvåg	mann
Saera	Saera Khan	kvinne
Tord	Tord Lien	mann
Thore	Thore A. Nistad	mann
Tor-Arne	Tor-Arne Strøm	mann
Terje	Terje Aasland	mann
Trond	Trond Giske	mann
Torbjørn	Torbjørn Hansen	mann
Thorbjørn	Thorbjørn Jagland	mann
Tove	Tove Karoline Knutsen	kvinne
Torgeir	Torgeir Micaelsen	mann
Trygve	Trygve Slagsvold Vedum	mann
Torfinn	Torfinn Opheim	mann
Torbjørn	Torbjørn Andersen	mann
Tore	Tore Hagebakken	mann
Tore	Tore Nordtun	mann
Torny	Torny Pedersen	kvinne
Torstein	Torstein Rudihagen	mann
Trond	Trond Helleland	mann
Trine	Trine Skei Grande	kvinne
Ulf	Ulf Erik Knudsen	mann
Ulf	Ulf Leirstein	mann
Vidar	Vidar Bjørnstad	mann
Vigdis	Vigdis Giltun	kvinne
Vera	Vera Lysklætt	kvinne
Øyvind	Øyvind Halleraker	mann
Åslaug	Åslaug Haga	kvinne
Anne	Anne Berit Andersen	kvinne
Åse	Åse Gunhild Woie Duesund	kvinne
Arne	Arne Sortevik	mann
Ansgar	Ansgar Gabrielsen	mann
Ågot	Ågot Valle	kvinne
André	André Kvakkestad	mann
Arne	Arne Lyngstad	mann
Audun	Audun Lysbakken	mann
Afshan	Afshan Rafiq	kvinne
Åsa	Åsa Elvik	kvinne
Asmund	Asmund Kristoffersen	mann
Aud	Aud Gaundal	kvinne
Åse	Åse Wisløff Nilssen	kvinne
Berit	Berit Brørby	kvinne
Bendiks	Bendiks H. Arnesen	mann
Beate	Beate Heieren Hundhammer	kvinne
Bent	Bent Høie	mann
Bjarne	Bjarne Håkon Hanssen	mann
Britt	Britt Hildeng	kvinne
Bjørn	Bjørn Jacobsen	mann
Bjørgulv	Bjørgulv Froyn	mann
Bjørn	Bjørn Hernæs	mann
Bjørg	Bjørg Tørresdal	kvinne
Børge	Børge Brende	mann
Bror	Bror Yngve Rahm	mann
Carl	Carl I. Hagen	mann
Christopher	Christopher Stensaker	mann
Dagrun	Dagrun Eriksen	kvinne
Einar	Einar Steensnæs	mann
Elisabeth	Elisabeth Røbekk Nørve	kvinne
Elsa	Elsa Skarbøvik	kvinne
Erna	Erna Solberg	kvinne
Eirin	Eirin Faldet	kvinne
Eli	Eli Sollied Øveraas	kvinne
Eva	Eva M. Nielsen	kvinne
Finn	Finn Kristian Marthinsen	mann
Finn	Finn Martin Vallersnes	mann
Geir-Ketil	Geir-Ketil Hansen	mann
Gunnar	Gunnar Halvorsen	mann
Gjermund	Gjermund Hagesæter	mann
Gunn	Gunn Karin Gjul	kvinne
Gunhild	Gunhild Øyangen	kvinne
Grethe	Grethe Fossli	kvinne
Gunn	Gunn Olsen	kvinne
Haakon	Haakon Blankenborg	mann
Heikki	Heikki Eidsvoll Holmås	mann
Heidi	Heidi Sørensen	kvinne
Heidi	Heidi Grande Røys	kvinne
Hallgeir	Hallgeir H. Langeland	mann
Hans	Hans Kristian Hogsnes	mann
Heidi	Heidi Larssen	kvinne
Hill-Marta	Hill-Marta Solberg	kvinne
Henrik	Henrik Rød	mann
Harald	Harald T. Nesvik	mann
Inga	Inga Marte Thorkildsen	kvinne
Ingmar	Ingmar Ljones	mann
Inge	Inge Ryan	mann
Ingebrigt	Ingebrigt S. Sørfonn	mann
Inge	Inge Lønning	mann
Ingvild	Ingvild Vaggen Malvik	kvinne
Ingjerd	Ingjerd Schou	kvinne
Inger	Inger S. Enger	kvinne
Ivar	Ivar Kristiansen	mann
Ivar	Ivar Østberg	mann
Jan	Jan Arild Ellingsen	mann
Jan	Jan Olav Olsen	mann
Jens	Jens Stoltenberg	mann
John	John I. Alvheim	mann
Jørgen	Jørgen Kosmo	mann
Jon	Jon Lilletun	mann
Jan	Jan Petersen	mann
Jorunn	Jorunn Ringstad	kvinne
Jan	Jan Simonsen	mann
Jan	Jan Sahl	mann
Jan	Jan Tore Sanner	mann
Julie	Julie Christiansen	kvinne
Karita	Karita Bekkemellem	kvinne
Kjell	Kjell Engebretsen	mann
Kenneth	Kenneth Svendsen	mann
Kristin	Kristin Halvorsen	kvinne
Kjetil	Kjetil Bjørklund	mann
Kristin	Kristin Krohn Devold	kvinne
Kari	Kari Lise Holmberg	kvinne
Kjell	Kjell Magne Bondevik	mann
Knut	Knut Storberget	mann
Karl	Karl Eirik Schjøtt-Pedersen	mann
Karin	Karin S. Woldseth	kvinne
Karin	Karin Andersen	kvinne
Lena	Lena Jensen	kvinne
Leif	Leif Frode Onarheim	mann
Leif	Leif Lund	mann
Lodve	Lodve Solholm	mann
Lars	Lars Rise	mann
Lars	Lars Sponheim	mann
Magne	Magne Aarøen	mann
Martin	Martin Engeset	mann
May	May Hansen	kvinne
May-Helen	May-Helen Molvær Grimstad	kvinne
Michael	Michael Momyr	mann
Morten	Morten Lund	mann
Magnar	Magnar Lund Bergo	mann
Magnhild	Magnhild Meltveit Kleppa	kvinne
Marit	Marit Nybakk	kvinne
Morten	Morten Høglund	mann
Marit	Marit Arnstad	kvinne
Olav	Olav Akselsen	mann
Oddbjørg	Oddbjørg Ausdal Starrfelt	kvinne
Odd	Odd Einar Dørum	mann
Ola	Ola D. Gløtvold	mann
Odd	Odd Holten	mann
Øystein	Øystein Hedstrøm	mann
Øystein	Øystein Djupedal	mann
Olemic	Olemic Thommessen	mann
Olav	Olav Gunnar Ballo	mann
Oddvard	Oddvard Nilsen	mann
Odd	Odd Roger Enoksen	mann
Ola	Ola T. Lånke	mann
Øyvind	Øyvind Vaksdal	mann
Øyvind	Øyvind Korsberg	mann
Per	Per Roar Bredvold	mann
Per	Per Erik Monsen	mann
Per	Per Ove Width	mann
Per	Per Sandberg	mann
Petter	Petter Løvik	mann
Per-Kristian	Per-Kristian Foss	mann
Ranveig	Ranveig Frøiland	kvinne
Rolf	Rolf Reikvam	mann
Raymond	Raymond Robertsen	mann
Reidar	Reidar Sandal	mann
Rune	Rune J. Skjælaaen	mann
Rolf	Rolf Terje Klungland	mann
Anne	Anne Helen Rui	kvinne
Svein	Svein Flåtten	mann
Siri	Siri Hall Arnøy	kvinne
Steinar	Steinar Bastesen	mann
Sigrun	Sigrun Eng	kvinne
Søren	Søren Fredrik Voie	mann
Sigbjørn	Sigbjørn Molvik	mann
Signe	Signe Øye	kvinne
Siv	Siv Jensen	kvinne
Sylvia	Sylvia Brustad	kvinne
Synnøve	Synnøve Konglevoll	kvinne
Siri	Siri A. Meling	kvinne
Sigvald	Sigvald Oppebøen Hansen	mann
Sonja	Sonja Irene Sjøli	kvinne
Svein	Svein Roald Hansen	mann
Sverre	Sverre J. Hoddevik	mann
Thore	Thore A. Nistad	mann
Tor-Arne	Tor-Arne Strøm	mann
Trond	Trond Giske	mann
Torbjørn	Torbjørn Hansen	mann
Thorbjørn	Thorbjørn Jagland	mann
Torbjørn	Torbjørn Andersen	mann
Tore	Tore Nordtun	mann
Torny	Torny Pedersen	kvinne
Torstein	Torstein Rudihagen	mann
Trond	Trond Helleland	mann
Ursula	Ursula Evje	kvinne
Ulf	Ulf Erik Knudsen	mann
Vidar	Vidar Bjørnstad	mann
Valgerd	Valgerd Svarstad Haugland	kvinne
Øyvind	Øyvind Halleraker	mann
Åge	Åge Konradsen	mann
Åslaug	Åslaug Haga	kvinne
Anita	Anita Apelthun Sæle	kvinne
Anne	Anne Brit Stråtveit	kvinne
Anneliese	Anneliese Dørum	kvinne
Åse	Åse Gunhild Woie Duesund	kvinne
Anne	Anne Enger	kvinne
Ansgar	Ansgar Gabrielsen	mann
Ågot	Ågot Valle	kvinne
Arne	Arne Lyngstad	mann
Astrid	Astrid Marie Nistad	kvinne
Annelise	Annelise Høegh	kvinne
Are	Are Næss	mann
Asmund	Asmund Kristoffersen	mann
Ane	Ane Sofie Tømmerås	kvinne
Aud	Aud Blattmann	kvinne
Aud	Aud Gaundal	kvinne
Åse	Åse Wisløff Nilssen	kvinne
Berit	Berit Brørby	kvinne
Bent	Bent Hegna	mann
Bendiks	Bendiks H. Arnesen	mann
Bjarne	Bjarne Håkon Hanssen	mann
Britt	Britt Hildeng	kvinne
Bjørn	Bjørn Hernæs	mann
Børge	Børge Brende	mann
Bjørn	Bjørn Tore Godal	mann
Bror	Bror Yngve Rahm	mann
Carl	Carl I. Hagen	mann
Christopher	Christopher Stensaker	mann
Dag	Dag Danielsen	mann
Dag	Dag Terje Andersen	mann
Erik	Erik Dalheim	mann
Erik	Erik Solheim	mann
Einar	Einar Steensnæs	mann
Elsa	Elsa Skarbøvik	kvinne
Einar	Einar Olav Skogholt	mann
Erna	Erna Solberg	kvinne
Eirin	Eirin Faldet	kvinne
Fridtjof	Fridtjof Frank Gundersen	mann
Finn	Finn Kristian Marthinsen	mann
Gunnar	Gunnar Breimo	mann
Grethe	Grethe G. Fossum	kvinne
Gunnar	Gunnar Halvorsen	mann
Grete	Grete Knudsen	kvinne
Gunn	Gunn Karin Gjul	kvinne
Gunnar	Gunnar Kvassheim	mann
Gunhild	Gunhild Øyangen	kvinne
Gudmund	Gudmund Restad	mann
Grethe	Grethe Fossli	kvinne
Gunnar	Gunnar Skaug	mann
Gunn	Gunn Olsen	kvinne
Haakon	Haakon Blankenborg	mann
Hilde	Hilde Frafjord Johnson	kvinne
Hallgeir	Hallgeir H. Langeland	mann
Hans	Hans J. Røsjorde	mann
Hill-Marta	Hill-Marta Solberg	kvinne
Harald	Harald T. Nesvik	mann
Ingvald	Ingvald Godal	mann
Inger	Inger Lise Husøy	kvinne
Inge	Inge Myrvoll	mann
Ingebrigt	Ingebrigt S. Sørfonn	mann
Inge	Inge Lønning	mann
Inger	Inger Stolt-Nielsen	kvinne
Ivar	Ivar Kristiansen	mann
Ivar	Ivar Østberg	mann
Jan	Jan Johnsen	mann
John	John Dale	mann
Jens	Jens Stoltenberg	mann
John	John I. Alvheim	mann
Johan	Johan J. Jakobsen	mann
Jørgen	Jørgen Kosmo	mann
Jon	Jon Lilletun	mann
Jørn	Jørn L. Stang	mann
Jon	Jon Olav Alstad	mann
Jan	Jan Petersen	mann
Jan	Jan Petter Rasmussen	mann
Jorunn	Jorunn Ringstad	kvinne
Jan	Jan Simonsen	mann
Jan	Jan Sahl	mann
Jan	Jan Tore Sanner	mann
Kari	Kari Økland	kvinne
Karita	Karita Bekkemellem	kvinne
Kjell	Kjell Engebretsen	mann
Kenneth	Kenneth Svendsen	mann
Kristin	Kristin Halvorsen	kvinne
Kristin	Kristin Krohn Devold	kvinne
Kirsti	Kirsti Kolle Grøndahl	kvinne
Kjell	Kjell Magne Bondevik	mann
Kjellaug	Kjellaug Nakkim	kvinne
Kjell	Kjell Opseth	mann
Karl	Karl Eirik Schjøtt-Pedersen	mann
Karin	Karin Andersen	kvinne
Leif	Leif Helge Kongshaug	mann
Lars	Lars Gunnar Lie	mann
Laila	Laila Kaland	kvinne
Leif	Leif Lund	mann
Liv	Liv Marit Moland	kvinne
Lodve	Lodve Solholm	mann
Lars	Lars Rise	mann
Lars	Lars Sponheim	mann
May	May Britt Vihovde	kvinne
May-Helen	May-Helen Molvær Grimstad	kvinne
Mimmi	Mimmi Bæivi	kvinne
Morten	Morten Lund	mann
Magnhild	Magnhild Meltveit Kleppa	kvinne
Marit	Marit Nybakk	kvinne
Marit	Marit Tingelstad	kvinne
Olav	Olav Akselsen	mann
Oddbjørg	Oddbjørg Ausdal Starrfelt	kvinne
Odd	Odd Einar Dørum	mann
Ola	Ola D. Gløtvold	mann
Odd	Odd Eriksen	mann
Odd	Odd Holten	mann
Øystein	Øystein Hedstrøm	mann
Ole	Ole Johs. Brunæs	mann
Øystein	Øystein Djupedal	mann
Olav	Olav Gunnar Ballo	mann
Oddvard	Oddvard Nilsen	mann
Ola	Ola Røtvei	mann
Odd	Odd Roger Enoksen	mann
Ola	Ola T. Lånke	mann
Øyvind	Øyvind Vaksdal	mann
Øyvind	Øyvind Korsberg	mann
Per	Per Roar Bredvold	mann
Per	Per Erik Monsen	mann
Per	Per Ove Width	mann
Per	Per Sandberg	mann
Petter	Petter Løvik	mann
Per-Kristian	Per-Kristian Foss	mann
Reidun	Reidun Gravdahl	kvinne
Rune	Rune E. Kristiansen	mann
Ranveig	Ranveig Frøiland	kvinne
Rolf	Rolf Reikvam	mann
Randi	Randi Karlstrøm	kvinne
Rigmor	Rigmor Kofoed-Larsen	kvinne
Rita	Rita Tveiten	kvinne
Anne	Anne Helen Rui	kvinne
Steinar	Steinar Bastesen	mann
Sigrun	Sigrun Eng	kvinne
Siri	Siri Frost Sterri	kvinne
Svein	Svein Ludvigsen	mann
Signe	Signe Øye	kvinne
Siv	Siv Jensen	kvinne
Sylvia	Sylvia Brustad	kvinne
Synnøve	Synnøve Konglevoll	kvinne
Sverre	Sverre Myrli	mann
Sigvald	Sigvald Oppebøen Hansen	mann
Sonja	Sonja Irene Sjøli	kvinne
Sverre	Sverre J. Hoddevik	mann
Thore	Thore A. Nistad	mann
Terje	Terje Johansen	mann
Trond	Trond Giske	mann
Thorbjørn	Thorbjørn Jagland	mann
Terje	Terje Knudsen	mann
Tomas	Tomas Norvoll	mann
Tor	Tor Nymo	mann
Torbjørn	Torbjørn Andersen	mann
Tore	Tore Nordtun	mann
Torny	Torny Pedersen	kvinne
Torstein	Torstein Rudihagen	mann
Trond	Trond Helleland	mann
Tom	Tom Thoresen	mann
Ursula	Ursula Evje	kvinne
Ulf	Ulf Erik Knudsen	mann
Vidar	Vidar Bjørnstad	mann
Vidar	Vidar Kleppe	mann
Valgerd	Valgerd Svarstad Haugland	kvinne
Anita	Anita Apelthun Sæle	kvinne
Anders	Anders C. Sjaastad	mann
Anneliese	Anneliese Dørum	kvinne
Anne	Anne Enger	kvinne
Ansgar	Ansgar Gabrielsen	mann
Arild	Arild Hiim	mann
Arne	Arne Haukvik	mann
Astrid	Astrid Marie Nistad	kvinne
Annelise	Annelise Høegh	kvinne
Anders	Anders Talleraas	mann
Arild	Arild Lund	mann
Are	Are Næss	mann
Asmund	Asmund Kristoffersen	mann
Ane	Ane Sofie Tømmerås	kvinne
Aud	Aud Blattmann	kvinne
Aud	Aud Gaundal	kvinne
Berit	Berit Brørby	kvinne
Bent	Bent Hegna	mann
Bjørg	Bjørg Hope Galtung	kvinne
Bjørn	Bjørn Hernæs	mann
Brit	Brit Hoel	kvinne
Børre	Børre Rønningen	mann
Bjørn	Bjørn Tore Godal	mann
Carl	Carl I. Hagen	mann
Dag	Dag Jostein Fjærvoll	mann
Dag	Dag C. Weberg	mann
Eilef	Eilef A. Meland	mann
Ellen	Ellen Chr. Christiansen	kvinne
Erik	Erik Dalheim	mann
Erling	Erling Folkvord	mann
Edvard	Edvard Grimstad	mann
Erik	Erik Solheim	mann
Einar	Einar Steensnæs	mann
Einar	Einar Olav Skogholt	mann
Eva	Eva R. Finstad	kvinne
Erna	Erna Solberg	kvinne
Eirin	Eirin Faldet	kvinne
Eli	Eli Sollied Øveraas	kvinne
Eva	Eva Lian	kvinne
Fridtjof	Fridtjof Frank Gundersen	mann
Gunnar	Gunnar Breimo	mann
Gunnar	Gunnar Fatland	mann
Gunnar	Gunnar Halvorsen	mann
Gro	Gro Harlem Brundtland	kvinne
Grete	Grete Knudsen	kvinne
Gunn	Gunn Karin Gjul	kvinne
Gunhild	Gunhild Øyangen	kvinne
Gudmund	Gudmund Restad	mann
Grete	Grete Faremo	kvinne
Grethe	Grethe Fossli	kvinne
Gunnar	Gunnar Skaug	mann
Hallvard	Hallvard Bakke	mann
Hallgrim	Hallgrim Berg	mann
Haakon	Haakon Blankenborg	mann
Harald	Harald Ellefsen	mann
Hilde	Hilde Frafjord Johnson	kvinne
Hans	Hans J. Røsjorde	mann
Hill-Marta	Hill-Marta Solberg	kvinne
Håkon	Håkon Steinar Giil	mann
Ingvald	Ingvald Godal	mann
Inga	Inga Kvalbukt	kvinne
Inge	Inge Myrvoll	mann
John	John Dale	mann
Johanne	Johanne Sommersæter	kvinne
Jens	Jens Stoltenberg	mann
Jørgen	Jørgen Holte	mann
John	John I. Alvheim	mann
Johan	Johan J. Jakobsen	mann
Jørgen	Jørgen Kosmo	mann
Jon	Jon Lilletun	mann
Johan	Johan M. Nyland	mann
Jon	Jon Olav Alstad	mann
Jorunn	Jorunn Hageler	kvinne
Jan	Jan Petersen	mann
Jan	Jan P. Syse	mann
Jorunn	Jorunn Ringstad	kvinne
Jan	Jan Simonsen	mann
Jan	Jan Tore Sanner	mann
Karita	Karita Bekkemellem	kvinne
Kjellbjørg	Kjellbjørg Lunde	kvinne
Kjell	Kjell Engebretsen	mann
Kristin	Kristin Halvorsen	kvinne
Kristin	Kristin Krohn Devold	kvinne
Kaci	Kaci Kullmann Five	kvinne
Kirsti	Kirsti Kolle Grøndahl	kvinne
Karin	Karin Lian	kvinne
Kjell	Kjell Magne Bondevik	mann
Kjellaug	Kjellaug Nakkim	kvinne
Kjell	Kjell Opseth	mann
Karl	Karl Eirik Schjøtt-Pedersen	mann
Lars	Lars Gunnar Lie	mann
Lisbeth	Lisbeth Holand	kvinne
Laila	Laila Kaland	kvinne
Lars	Lars Sponheim	mann
Magnus	Magnus Stangeland	mann
May-Helen	May-Helen Molvær Grimstad	kvinne
Mimmi	Mimmi Bæivi	kvinne
Marie	Marie Brenden	kvinne
Morten	Morten Lund	mann
Magnhild	Magnhild Meltveit Kleppa	kvinne
Marit	Marit Nybakk	kvinne
Magnar	Magnar Sætre	mann
Magnar	Magnar Sortåsløkken	mann
Marit	Marit Tingelstad	kvinne
Marit	Marit Arnstad	kvinne
Olav	Olav Akselsen	mann
Oddbjørg	Oddbjørg Ausdal Starrfelt	kvinne
Ola	Ola D. Gløtvold	mann
Oscar	Oscar D. Hillgaar	mann
Odd	Odd Eriksen	mann
Odd	Odd Holten	mann
Øystein	Øystein Hedstrøm	mann
Ole	Ole Johs. Brunæs	mann
Øystein	Øystein Djupedal	mann
Oddvard	Oddvard Nilsen	mann
Ola	Ola Røtvei	mann
Odd	Odd Roger Enoksen	mann
Ottar	Ottar Kaldhol	mann
Ola	Ola T. Lånke	mann
Peter	Peter Angelsen	mann
Paul	Paul Chaffey	mann
Per-Kristian	Per-Kristian Foss	mann
Per	Per Olaf Lundteigen	mann
Petter	Petter Thomassen	mann
Ragnhild	Ragnhild Barland	kvinne
Ragna	Ragna Berget Jørgensen	kvinne
Ranveig	Ranveig Frøiland	kvinne
Ranja	Ranja Hauglid	kvinne
Rita	Rita H. Roaldsen	kvinne
Reidar	Reidar Johansen	mann
Rolf	Rolf Ketil Bjørn	mann
Roy	Roy N. Wetterstad	mann
Roger	Roger Gudmundseth	mann
Ragnhild	Ragnhild Queseth Haarstad	kvinne
Rolf	Rolf Terje Klungland	mann
Rita	Rita Tveiten	kvinne
Anne	Anne Helen Rui	kvinne
Stephen	Stephen Bråthen	mann
Syver	Syver Berge	mann
Sigrun	Sigrun Eng	kvinne
Siri	Siri Frost Sterri	kvinne
Svein	Svein Ludvigsen	mann
Solveig	Solveig Sollie	kvinne
Signe	Signe Øye	kvinne
Sigbjørn	Sigbjørn Johnsen	mann
Sylvia	Sylvia Brustad	kvinne
Sigurd	Sigurd Manneråk	mann
Sigvald	Sigvald Oppebøen Hansen	mann
Solveig	Solveig Torsvik	kvinne
Tore	Tore A. Liltved	mann
Thorbjørn	Thorbjørn Berntsen	mann
Thorbjørn	Thorbjørn Jagland	mann
Tove	Tove Kari Viken	kvinne
Tomas	Tomas Norvoll	mann
Tor	Tor Nymo	mann
Tore	Tore Nordtun	mann
Terje	Terje Riis-Johansen	mann
Terje	Terje Sandkjær	mann
Tom	Tom Thoresen	mann
Thorhild	Thorhild Widvey	kvinne
Ulf	Ulf Guttormsen	mann
Unn	Unn Aarrestad	kvinne
Vidar	Vidar Bjørnstad	mann
Valgerd	Valgerd Svarstad Haugland	kvinne
William	William Engseth	mann
Anita	Anita Apelthun Sæle	kvinne
Anders	Anders C. Sjaastad	mann
Anneliese	Anneliese Dørum	kvinne
Anne	Anne Enger	kvinne
Arild	Arild Hiim	mann
Astrid	Astrid Marie Nistad	kvinne
Anders	Anders John Aune	mann
Annelise	Annelise Høegh	kvinne
Anders	Anders Talleraas	mann
Arne	Arne Alsåker Spilde	mann
Arne	Arne Skauge	mann
Aud	Aud Blattmann	kvinne
Berit	Berit Brørby	kvinne
Bjarne	Bjarne Mørk-Eidem	mann
Brit	Brit Hoel	kvinne
Borghild	Borghild Røyseland	kvinne
Børre	Børre Rønningen	mann
Britt	Britt Harkestad	kvinne
Bjørn	Bjørn Tore Godal	mann
Carl	Carl I. Hagen	mann
Dagfinn	Dagfinn Hjertenes	mann
Dag	Dag Jostein Fjærvoll	mann
Dag	Dag C. Weberg	mann
Eilef	Eilef A. Meland	mann
Erik	Erik Dalheim	mann
Edvard	Edvard Grimstad	mann
Erik	Erik Solheim	mann
Eleonore	Eleonore Bjartveit	kvinne
Einar	Einar Olav Skogholt	mann
Eva	Eva R. Finstad	kvinne
Ernst	Ernst Wroldsen	mann
Erna	Erna Solberg	kvinne
Eirin	Eirin Faldet	kvinne
Fridtjof	Fridtjof Frank Gundersen	mann
Finn	Finn Thoresen	mann
Gunnar	Gunnar Fatland	mann
Gro	Gro Harlem Brundtland	kvinne
Grete	Grete Knudsen	kvinne
Gunhild	Gunhild Øyangen	kvinne
Gudmund	Gudmund Restad	mann
Gunnar	Gunnar Skaug	mann
Gunnar	Gunnar Berge	mann
Gunn	Gunn Vigdis Olsen-Hagen	kvinne
Harry	Harry Jensen	mann
Hallvard	Hallvard Bakke	mann
Hallgrim	Hallgrim Berg	mann
Haakon	Haakon Blankenborg	mann
Harald	Harald Ellefsen	mann
Helen	Helen Marie Bøsterud	kvinne
Helga	Helga Haugen	kvinne
Hans	Hans J. Røsjorde	mann
Ingvald	Ingvald Godal	mann
Inge	Inge Myrvoll	mann
Ingeborg	Ingeborg Botnen	kvinne
Inger	Inger Lise Gjørv	kvinne
Inger-Marie	Inger-Marie Ytterhorn	kvinne
Inger	Inger Pedersen	kvinne
Inger	Inger Dag	kvinne
Inge	Inge Staldvik	mann
Ingvard	Ingvard Sverdrup	mann
Ingrid	Ingrid I. Willoch	kvinne
Jan	Jan Erik Fåne	mann
Jan	Jan Elvheim	mann
Jens	Jens Marcussen	mann
John	John I. Alvheim	mann
Johan	Johan J. Jakobsen	mann
Jørgen	Jørgen Kosmo	mann
Jon	Jon Lilletun	mann
Johan	Johan M. Nyland	mann
Jo	Jo Benkow	mann
John	John G. Bernander	mann
Johan	Johan C. Løken	mann
John	John S. Tveit	mann
Jan	Jan Petersen	mann
Jan	Jan P. Syse	mann
Jan	Jan Simonsen	mann
Karita	Karita Bekkemellem	kvinne
Kjellbjørg	Kjellbjørg Lunde	kvinne
Kristin	Kristin Halvorsen	kvinne
Kjell	Kjell Borgen	mann
Kaci	Kaci Kullmann Five	kvinne
Kirsti	Kirsti Kolle Grøndahl	kvinne
Karin	Karin Lian	kvinne
Kjell	Kjell Magne Bondevik	mann
Kjellaug	Kjellaug Nakkim	kvinne
Knut	Knut Hanselmann	mann
Kjell	Kjell Opseth	mann
Kristin	Kristin Clemet	kvinne
Karl	Karl Eirik Schjøtt-Pedersen	mann
Kåre	Kåre Gjønnes	mann
Leiv	Leiv Blakset	mann
Leiv	Leiv Stensland	mann
Lars	Lars Gunnar Lie	mann
Lisbeth	Lisbeth Holand	kvinne
Laila	Laila Kaland	kvinne
Lodve	Lodve Solholm	mann
Mary	Mary Kvidal	kvinne
Marit	Marit Rotnes	kvinne
Magnus	Magnus Stangeland	mann
Marie	Marie Lovise Widnes	kvinne
Marie	Marie Brenden	kvinne
Marit	Marit Nybakk	kvinne
Magnar	Magnar Sætre	mann
Magnar	Magnar Sortåsløkken	mann
Nils	Nils O. Golten	mann
Olav	Olav Akselsen	mann
Oscar	Oscar D. Hillgaar	mann
Oddrunn	Oddrunn Pettersen	kvinne
Odd	Odd Holten	mann
Øystein	Øystein Hedstrøm	mann
Ole	Ole Johs. Brunæs	mann
Ole	Ole Gabriel Ueland	mann
Peter	Peter Angelsen	mann
Paul	Paul Chaffey	mann
Per	Per Aunet	mann
Petter	Petter Bjørheim	mann
Peder	Peder I. Ramsrud	mann
Per	Per Risvik	mann
Per	Per Rolf Sævik	mann
Per-Kristian	Per-Kristian Foss	mann
Petter	Petter Thomassen	mann
Pål	Pål Atle Skjervengen	mann
Ragnhild	Ragnhild Barland	kvinne
Ragna	Ragna Berget Jørgensen	kvinne
Reiulf	Reiulf Steen	mann
Ranveig	Ranveig Frøiland	kvinne
Ranja	Ranja Hauglid	kvinne
Rikard	Rikard Olsvik	mann
Reidar	Reidar Johansen	mann
Rolf	Rolf Ketil Bjørn	mann
Rolf	Rolf Bendiksen	mann
Roger	Roger Gudmundseth	mann
Ragnhild	Ragnhild Queseth Haarstad	kvinne
Syver	Syver Berge	mann
Siri	Siri Frost Sterri	kvinne
Svein	Svein Ludvigsen	mann
Solveig	Solveig Sollie	kvinne
Sigurd	Sigurd Holemark	mann
Sissel	Sissel Rønbeck	kvinne
Sigurd	Sigurd Verdal	mann
Sigbjørn	Sigbjørn Johnsen	mann
Sylvia	Sylvia Brustad	kvinne
Steinar	Steinar Maribo	mann
Svein	Svein Alsaker	mann
Sverre	Sverre Mauritzen	mann
Tore	Tore A. Liltved	mann
Thorbjørn	Thorbjørn Berntsen	mann
Terje	Terje Nyberget	mann
Thor-Eirik	Thor-Eirik Gulbrandsen Mykland	mann
Thea	Thea Knutzen	kvinne
Theo	Theo Koritzinsky	mann
Tove	Tove Kari Viken	kvinne
Tora	Tora Aasland	kvinne
Tore	Tore Haugen	mann
Tor	Tor Mikkel Wara	mann
Trond	Trond Jensrud	mann
Tom	Tom Thoresen	mann
Thorhild	Thorhild Widvey	kvinne
Ulf	Ulf Guttormsen	mann
Vidar	Vidar Kleppe	mann
William	William Engseth	mann
Wenche	Wenche Lyngholm	kvinne
Wenche	Wenche Frogn Sellæg	kvinne
Åse	Åse Klundelien	kvinne
Åshild	Åshild Hauan	kvinne
Åsa	Åsa Solberg Iversen	kvinne
Anders	Anders C. Sjaastad	mann
Anneliese	Anneliese Dørum	kvinne
Anne	Anne Enger	kvinne
Anne-Lise	Anne-Lise Bakken	kvinne
Annelise	Annelise Høegh	kvinne
Anders	Anders Talleraas	mann
Arne	Arne Alsåker Spilde	mann
Arve	Arve Berg	mann
Arent	Arent M. Henriksen	mann
Arnljot	Arnljot Norwich	mann
Arne	Arne Skauge	mann
Asbjørn	Asbjørn Andersen	mann
Astrid	Astrid Gjertsen	kvinne
Astrid	Astrid Nøklebye Heiberg	kvinne
Asbjørn	Asbjørn Sjøthun	mann
Aud	Aud Blattmann	kvinne
Berit	Berit Brørby	kvinne
Bente	Bente Bakke	kvinne
Bjarne	Bjarne Mørk-Eidem	mann
Bjarne	Bjarne Kristiansen	mann
Bjørn	Bjørn Erling Ytterhorn	mann
Brit	Brit Hoel	kvinne
Borghild	Borghild Røyseland	kvinne
Brita	Brita Borge	kvinne
Britt	Britt Harkestad	kvinne
Carl	Carl Fredrik Lowzow	mann
Carl	Carl I. Hagen	mann
Dag	Dag Jostein Fjærvoll	mann
Erik	Erik Dalheim	mann
Einar	Einar Førde	mann
Ernst	Ernst Wroldsen	mann
Eirin	Eirin Faldet	kvinne
Finn	Finn Knutsen	mann
Ole	Ole Frithjof Klemsdal	mann
Georg	Georg Apenes	mann
Gunnar	Gunnar Fatland	mann
Gro	Gro Harlem Brundtland	kvinne
Grete	Grete Knudsen	kvinne
Gudmund	Gudmund Restad	mann
Gunnar	Gunnar Skaug	mann
Gunnar	Gunnar Berge	mann
Gunn	Gunn Vigdis Olsen-Hagen	kvinne
Hans	Hans Frette	mann
Hanna	Hanna Kvanmo	kvinne
Harald	Harald U. Lied	mann
Hans	Hans Svendsgård	mann
Hallvard	Hallvard Bakke	mann
Hallgrim	Hallgrim Berg	mann
Haakon	Haakon Blankenborg	mann
Harald	Harald Ellefsen	mann
Helen	Helen Marie Bøsterud	kvinne
Helga	Helga Haugen	kvinne
Harald	Harald Synnes	mann
Ingvald	Ingvald Godal	mann
Ingeborg	Ingeborg Botnen	kvinne
Inger	Inger Lise Gjørv	kvinne
Inger	Inger Koppernæs	kvinne
Inger	Inger Pedersen	kvinne
Inger-Lise	Inger-Lise Skarstein	kvinne
Inge	Inge Staldvik	mann
Ingvard	Ingvard Sverdrup	mann
Ingrid	Ingrid I. Willoch	kvinne
Jan-Olav	Jan-Olav Ingvaldsen	mann
Jan	Jan Helge Jansen	mann
Johan	Johan J. Jakobsen	mann
Jørgen	Jørgen Kosmo	mann
Johan	Johan M. Nyland	mann
Jo	Jo Benkow	mann
Jostein	Jostein Berntsen	mann
Johan	Johan Buttedahl	mann
Johan	Johan C. Løken	mann
John	John S. Tveit	mann
Jan	Jan Petersen	mann
Jan	Jan P. Syse	mann
Kjellbjørg	Kjellbjørg Lunde	kvinne
Kjell	Kjell Bohlin	mann
Kjell	Kjell Borgen	mann
Kjell	Kjell Magne Fredheim	mann
Kjell	Kjell Furnes	mann
Kjell	Kjell Edvard Helland	mann
Kaci	Kaci Kullmann Five	kvinne
Kirsti	Kirsti Kolle Grøndahl	kvinne
Karin	Karin Lian	kvinne
Kjell	Kjell Magne Bondevik	mann
Knut	Knut Frydenlund	mann
Kjell	Kjell Opseth	mann
Karl	Karl Eirik Schjøtt-Pedersen	mann
Kåre	Kåre Gjønnes	mann
Kåre	Kåre Kristiansen	mann
Kåre	Kåre Willoch	mann
Kåre	Kåre Øvregard	mann
Lars	Lars Roar Langslet	mann
Lars	Lars Lefdal	mann
Lars	Lars Storhaug	mann
Lars	Lars Velsand	mann
Leiv	Leiv Blakset	mann
Leiv	Leiv Stensland	mann
Lars	Lars Gunnar Lie	mann
Liv	Liv Aasen	kvinne
Laila	Laila Kaland	kvinne
Mary	Mary Eide	kvinne
Margit	Margit Hansen-Krone	kvinne
Magnar	Magnar G. Huseby	mann
Marit	Marit Løvvig	kvinne
Marit	Marit Rotnes	kvinne
Magnus	Magnus Stangeland	mann
Marie	Marie Brenden	kvinne
Mona	Mona Røkke	kvinne
Morten	Morten Steenstrup	mann
Magnar	Magnar Sortåsløkken	mann
Nils	Nils O. Golten	mann
Odd	Odd Steinar Holøs	mann
Oddbjørn	Oddbjørn Hågård	mann
Oddvar	Oddvar J. Majala	mann
Oddrunn	Oddrunn Pettersen	kvinne
Ole	Ole Gabriel Ueland	mann
Olaf	Olaf Øen	mann
Peter	Peter Angelsen	mann
Per	Per Almar Aas	mann
Per-Kristian	Per-Kristian Foss	mann
Petter	Petter Thomassen	mann
Ragnhild	Ragnhild Barland	kvinne
Ragna	Ragna Berget Jørgensen	kvinne
Reidun	Reidun Andreassen	kvinne
Reidar	Reidar Due	mann
Reiulf	Reiulf Steen	mann
Ranveig	Ranveig Frøiland	kvinne
Ranja	Ranja Hauglid	kvinne
Rikard	Rikard Olsvik	mann
Roger	Roger Gudmundseth	mann
Rolf	Rolf Nilssen	mann
Rolf	Rolf Presthus	mann
Ragnhild	Ragnhild Queseth Haarstad	kvinne
Siri	Siri Frost Sterri	kvinne
Solveig	Solveig Sollie	kvinne
Sigurd	Sigurd Holemark	mann
Sissel	Sissel Rønbeck	kvinne
Sigurd	Sigurd Verdal	mann
Sigbjørn	Sigbjørn Johnsen	mann
Steinar	Steinar Eriksen	mann
Svein	Svein Alsaker	mann
Sverre	Sverre Mauritzen	mann
Thorbjørn	Thorbjørn Berntsen	mann
Terje	Terje Granerud	mann
Thor-Eirik	Thor-Eirik Gulbrandsen Mykland	mann
Thor	Thor Knudsen	mann
Thea	Thea Knutzen	kvinne
Theo	Theo Koritzinsky	mann
Tora	Tora Aasland	kvinne
Tore	Tore Austad	mann
Tom	Tom Thoresen	mann
Wenche	Wenche Frogn Sellæg	kvinne
Åge	Åge Hovengen	mann
Åge	Åge Ramberg	mann
Aase	Aase Moløkken	kvinne
Åshild	Åshild Hauan	kvinne
Åsa	Åsa Solberg Iversen	kvinne
Aksel	Aksel Fossen	mann
Alf	Alf Martin Bjørnø	mann
Ambjørg	Ambjørg Sælthun	kvinne
Anne-Lise	Anne-Lise Bakken	kvinne
Anders	Anders Talleraas	mann
Arne	Arne Alsåker Spilde	mann
Arve	Arve Berg	mann
Arent	Arent M. Henriksen	mann
Arne	Arne Nilsen	mann
Arnljot	Arnljot Norwich	mann
Arne	Arne Skauge	mann
Arnold	Arnold Weiberg-Aurdal	mann
Aslaug	Aslaug Fredriksen	kvinne
Astrid	Astrid Gjertsen	kvinne
Asbjørn	Asbjørn Haugstvedt	mann
Astrid	Astrid Murberg Martinsen	kvinne
Asbjørn	Asbjørn Sjøthun	mann
Bjarne	Bjarne Mørk-Eidem	mann
Bjørn	Bjørn Erling Ytterhorn	mann
Brit	Brit Hoel	kvinne
Carl	Carl Fredrik Lowzow	mann
Christian	Christian Erlandsen	mann
Carl	Carl I. Hagen	mann
Claus	Claus Egil Feyling	mann
Erik	Erik Dalheim	mann
Eivind	Eivind Bolle	mann
Einar	Einar Førde	mann
Elsa	Elsa Kobberstad	kvinne
Engly	Engly Lie	mann
Ernst	Ernst Wroldsen	mann
Fridtjof	Fridtjof Frank Gundersen	mann
Finn	Finn Kristensen	mann
Ole	Ole Frithjof Klemsdal	mann
Georg	Georg Apenes	mann
Gro	Gro Harlem Brundtland	kvinne
Grete	Grete Knudsen	kvinne
Grethe	Grethe Kathrine Værnø	kvinne
Gunnar	Gunnar Skaug	mann
Gunnar	Gunnar Berge	mann
Guttorm	Guttorm Hansen	mann
Gunn	Gunn Vigdis Olsen-Hagen	kvinne
Gunvor	Gunvor Margaret Schnitler	kvinne
Gunnar	Gunnar Vada	mann
Harry	Harry Danielsen	mann
Hans	Hans Frette	mann
Hanna	Hanna Kvanmo	kvinne
Harald	Harald U. Lied	mann
Hans	Hans Hammond Rossbach	mann
Hans	Hans Svendsgård	mann
Hans	Hans E. Strand	mann
Hans	Hans Olav Tungesvik	mann
Hallvard	Hallvard Bakke	mann
Haakon	Haakon Blankenborg	mann
Helen	Helen Marie Bøsterud	kvinne
Hermund	Hermund Eian	mann
Harald	Harald Synnes	mann
Håkon	Håkon Randal	mann
Ingvar	Ingvar Bakken	mann
Ingeborg	Ingeborg Botnen	kvinne
Inger	Inger Lise Gjørv	kvinne
Inger	Inger Koppernæs	kvinne
Inger-Lise	Inger-Lise Skarstein	kvinne
Ingrid	Ingrid I. Willoch	kvinne
Jens	Jens P. Flå	mann
Jens	Jens Marcussen	mann
Johan	Johan J. Jakobsen	mann
Jo	Jo Benkow	mann
Jostein	Jostein Berntsen	mann
Johan	Johan Buttedahl	mann
Johan	Johan C. Løken	mann
Johan	Johan Syrstad	mann
Johannes	Johannes Vågsnes	mann
Jan	Jan Petersen	mann
Jan	Jan P. Syse	mann
Jørgen	Jørgen Sønstebø	mann
Jakob	Jakob Aano	mann
Karl	Karl Ingebrigtsen	mann
Karen	Karen Sogn	kvinne
Kjellbjørg	Kjellbjørg Lunde	kvinne
Kjell	Kjell Bohlin	mann
Kjell	Kjell Borgen	mann
Kjell	Kjell Magne Fredheim	mann
Kjell	Kjell Edvard Helland	mann
Kaci	Kaci Kullmann Five	kvinne
Kirsti	Kirsti Kolle Grøndahl	kvinne
Kjell	Kjell Magne Bondevik	mann
Knut	Knut Frydenlund	mann
Knut	Knut Haus	mann
Kjell	Kjell Opseth	mann
Kristian	Kristian Lund	mann
Kristine	Kristine Rusten	kvinne
Kåre	Kåre Kristiansen	mann
Kåre	Kåre Willoch	mann
Kåre	Kåre Øvregard	mann
Lars	Lars Roar Langslet	mann
Lars	Lars Lefdal	mann
Lars	Lars Velsand	mann
Liv	Liv Andersen	kvinne
Liv	Liv Stubberud	kvinne
Liv	Liv Aasen	kvinne
Mary	Mary Eide	kvinne
Margit	Margit Hansen-Krone	kvinne
Magnar	Magnar G. Huseby	mann
Marit	Marit Løvvig	kvinne
Marit	Marit Rotnes	kvinne
Mons	Mons Espelid	mann
Mona	Mona Røkke	kvinne
Morten	Morten Steenstrup	mann
Odd	Odd Steinar Holøs	mann
Oddbjørn	Oddbjørn Sverre Langlo	mann
Oddvar	Oddvar J. Majala	mann
Odvar	Odvar Nordli	mann
Oddrunn	Oddrunn Pettersen	kvinne
Odd	Odd With	mann
Ole	Ole Gabriel Ueland	mann
Olaf	Olaf Øen	mann
Osmund	Osmund Faremo	mann
Peter	Peter Angelsen	mann
Per	Per Ditlev-Simonsen	mann
Per	Per J. Husabø	mann
Per	Per Hysing-Dahl	mann
Per	Per A. Utsi	mann
Per	Per Almar Aas	mann
Per-Kristian	Per-Kristian Foss	mann
Petter	Petter Thomassen	mann
Ragna	Ragna Berget Jørgensen	kvinne
Reidar	Reidar Due	mann
Reiulf	Reiulf Steen	mann
Ranja	Ranja Hauglid	kvinne
Rikard	Rikard Olsvik	mann
Roger	Roger Gudmundseth	mann
Rolf	Rolf Nilssen	mann
Rolf	Rolf Presthus	mann
Ragnhild	Ragnhild Queseth Haarstad	kvinne
Sigurd	Sigurd Holemark	mann
Sissel	Sissel Rønbeck	kvinne
Sigurd	Sigurd Verdal	mann
Sigbjørn	Sigbjørn Johnsen	mann
Stein	Stein Ørnhøi	mann
Sven	Sven Trygve Falck	mann
Sverre	Sverre Helland	mann
Sverre	Sverre Mauritzen	mann
Svenn	Svenn Thorkild Stray	mann
Thorbjørn	Thorbjørn Berntsen	mann
Terje	Terje Granerud	mann
Thor-Eirik	Thor-Eirik Gulbrandsen Mykland	mann
Thor	Thor Knudsen	mann
Thor	Thor Listau	mann
Tore	Tore Austad	mann
Torstein	Torstein Tynning	mann
Tom	Tom Thoresen	mann
Wenche	Wenche Bryn Lowzow	kvinne
Åge	Åge Hovengen	mann
Aase	Aase Moløkken	kvinne
Åshild	Åshild Hauan	kvinne
Aksel	Aksel Fossen	mann
Alf	Alf Martin Bjørnø	mann
Ambjørg	Ambjørg Sælthun	kvinne
Anne-Lise	Anne-Lise Bakken	kvinne
Anne-Olaug	Anne-Olaug Ingeborgrud	kvinne
Anne-Lise	Anne-Lise Steinbach	kvinne
Anders	Anders Talleraas	mann
Arve	Arve Berg	mann
Arvid	Arvid Johanson	mann
Arne	Arne Nilsen	mann
Arnljot	Arnljot Norwich	mann
Arne	Arne Skauge	mann
Arnold	Arnold Weiberg-Aurdal	mann
Aslaug	Aslaug Fredriksen	kvinne
Astrid	Astrid Gjertsen	kvinne
Asbjørn	Asbjørn Haugstvedt	mann
Asbjørn	Asbjørn Reidar Jordahl	mann
Astrid	Astrid Murberg Martinsen	kvinne
Asbjørn	Asbjørn Sjøthun	mann
Bjarne	Bjarne Mørk-Eidem	mann
Carl	Carl Fredrik Lowzow	mann
Christian	Christian Erlandsen	mann
Claus	Claus Egil Feyling	mann
Eivind	Eivind Bolle	mann
Einar	Einar Førde	mann
Eli	Eli Kristiansen	kvinne
Else	Else Repål	kvinne
Engly	Engly Lie	mann
Erland	Erland Asdahl	mann
Finn	Finn Kristensen	mann
Georg	Georg Apenes	mann
Geirmund	Geirmund Ihle	mann
Georg	Georg Johan Jacobsen	mann
Gerd	Gerd Kirste	kvinne
Gro	Gro Harlem Brundtland	kvinne
Gunnar	Gunnar Berge	mann
Gudmund	Gudmund Grytøyr	mann
Guttorm	Guttorm Hansen	mann
Gunnar	Gunnar Thorleif Hvashovd	mann
Gunn	Gunn Vigdis Olsen-Hagen	kvinne
Gunvor	Gunvor Margaret Schnitler	kvinne
Gunnar	Gunnar Vada	mann
Hans	Hans Frette	mann
Harry	Harry Hansen	mann
Haldis	Haldis Havrøy	kvinne
Hanna	Hanna Kvanmo	kvinne
Harald	Harald U. Lied	mann
Hans	Hans Hammond Rossbach	mann
Hans	Hans E. Strand	mann
Hans	Hans Torgersen	mann
Hans	Hans Olav Tungesvik	mann
Hallvard	Hallvard Bakke	mann
Helen	Helen Marie Bøsterud	kvinne
Hermund	Hermund Eian	mann
Håkon	Håkon Kyllingmark	mann
Håkon	Håkon Randal	mann
Ingvar	Ingvar Bakken	mann
Inger	Inger Lise Gjørv	kvinne
Inger-Lise	Inger-Lise Skarstein	kvinne
Inger	Inger Louise Valle	kvinne
Jens	Jens P. Flå	mann
Johan	Johan J. Jakobsen	mann
Jo	Jo Benkow	mann
Jostein	Jostein Berntsen	mann
Johnny	Johnny Stenberg	mann
Johan	Johan Syrstad	mann
Johannes	Johannes Vågsnes	mann
Jan	Jan P. Syse	mann
Jørgen	Jørgen Sønstebø	mann
Jakob	Jakob Aano	mann
Karin	Karin Hafstad	kvinne
Karl	Karl Sverre Klevstad	mann
Karen	Karen Sogn	kvinne
Kirsten	Kirsten Myklevoll	kvinne
Kjell	Kjell Bohlin	mann
Kjell	Kjell Borgen	mann
Kjell	Kjell Magne Fredheim	mann
Kjell	Kjell Edvard Helland	mann
Kirsti	Kirsti Kolle Grøndahl	kvinne
Kjell	Kjell Magne Bondevik	mann
Knut	Knut Frydenlund	mann
Knut	Knut Haus	mann
Kristin	Kristin Kverneland Lønningdal	kvinne
Kristine	Kristine Rusten	kvinne
Kåre	Kåre Rønning	mann
Kåre	Kåre Willoch	mann
Kåre	Kåre Øvregard	mann
Lars	Lars Korvald	mann
Lars	Lars Roar Langslet	mann
Lars	Lars Lefdal	mann
Liv	Liv Andersen	kvinne
Liv	Liv Stubberud	kvinne
Liv	Liv Aasen	kvinne
Mary	Mary Eide	kvinne
Margit	Margit Hansen-Krone	kvinne
Marit	Marit Løvvig	kvinne
Margit	Margit Tøsdal	kvinne
Mona	Mona Røkke	kvinne
Odd	Odd Einar Dørum	mann
Oddleif	Oddleif Fagerheim	mann
Oddbjørn	Oddbjørn Sverre Langlo	mann
Odd	Odd Lien	mann
Odvar	Odvar Nordli	mann
Oddrunn	Oddrunn Pettersen	kvinne
Odd	Odd Vattekar	mann
Odd	Odd Vigestad	mann
Odd	Odd With	mann
Egil	Egil Bergsland	mann
Olav	Olav Djupvik	mann
Ola	Ola O. Røssum	mann
Ole	Ole Gabriel Ueland	mann
Olaf	Olaf Øen	mann
Osmund	Osmund Faremo	mann
Ottar	Ottar Landfald	mann
Paul	Paul Thyness	mann
Petter	Petter Furberg	mann
Per	Per J. Husabø	mann
Per	Per Hysing-Dahl	mann
Per	Per Karstensen	mann
Per	Per A. Utsi	mann
Per	Per Almar Aas	mann
Petter	Petter Thomassen	mann
Ragnar	Ragnar Udjus	mann
Reidar	Reidar Due	mann
Reiulf	Reiulf Steen	mann
Roald	Roald Åsmund Bye	mann
Rolf	Rolf Fjeldvær	mann
Rolf	Rolf Furuseth	mann
Rolf	Rolf Hellem	mann
Rolf	Rolf Nilssen	mann
Rolf	Rolf Presthus	mann
Sverre	Sverre L. Mo	mann
Sigrid	Sigrid Utkilen	kvinne
Sigbjørn	Sigbjørn Johnsen	mann
Stein	Stein Ørnhøi	mann
Sverre	Sverre Helland	mann
Svenn	Svenn Thorkild Stray	mann
Thorbjørn	Thorbjørn Berntsen	mann
Thor-Eirik	Thor-Eirik Gulbrandsen Mykland	mann
Thor	Thor Gystad	mann
Thor	Thor Knudsen	mann
Thorbjørn	Thorbjørn Kultorp	mann
Thor	Thor Listau	mann
Thor	Thor Lund	mann
Tore	Tore Austad	mann
Tor	Tor Oftedal	mann
Torstein	Torstein Tynning	mann
Toralf	Toralf Westermoen	mann
Trygve	Trygve Bratteli	mann
Tom	Tom Thoresen	mann
Turid	Turid Dørumsgaard Varsi	kvinne
Valter	Valter Gabrielsen	mann
Wenche	Wenche Bryn Lowzow	kvinne
Åge	Åge Hovengen	mann
Åge	Åge Ramberg	mann
Aksel	Aksel Fossen	mann
Alf	Alf Martin Bjørnø	mann
Alv	Alv Jakob Fostervoll	mann
Ambjørg	Ambjørg Sælthun	kvinne
Anders	Anders Lange	mann
Annemarie	Annemarie Lorentzen	kvinne
Anne-Lise	Anne-Lise Steinbach	kvinne
Anton	Anton Skulberg	mann
Arve	Arve Berg	mann
Arnt	Arnt Gudleik Hagen	mann
Arent	Arent M. Henriksen	mann
Arvid	Arvid Johanson	mann
Arne	Arne Kielland	mann
Arne	Arne Nilsen	mann
Arnold	Arnold Weiberg-Aurdal	mann
Aslaug	Aslaug Fadum	kvinne
Astrid	Astrid Gjertsen	kvinne
Asbjørn	Asbjørn Haugstvedt	mann
Astrid	Astrid Murberg Martinsen	kvinne
Asbjørn	Asbjørn Sjøthun	mann
Aslak	Aslak Versto	mann
Aud	Aud Gustad	kvinne
Bodil	Bodil Finsveen	kvinne
Bergfrid	Bergfrid Fjose	kvinne
Berge	Berge Furre	mann
Berit	Berit Ås	kvinne
Bjarne	Bjarne Mørk-Eidem	mann
Bjørn	Bjørn Unneberg	mann
Edvard	Edvard Magnus Edvardsen	mann
Egil	Egil Aarvik	mann
Eivind	Eivind Bolle	mann
Einar	Einar Førde	mann
Einar	Einar Nyheim	mann
Else	Else Repål	kvinne
Engly	Engly Lie	mann
Erling	Erling Erland	mann
Erik	Erik Gjems-Onstad	mann
Erland	Erland Steenberg	mann
Finn	Finn Gustavsen	mann
Finn	Finn Kristensen	mann
Geirmund	Geirmund Ihle	mann
Georg	Georg Johan Jacobsen	mann
Gerd	Gerd Kirste	kvinne
Gunnar	Gunnar Berge	mann
Guttorm	Guttorm Hansen	mann
Gunnar	Gunnar Thorleif Hvashovd	mann
Gunnar	Gunnar Johnsen	mann
Gunnar	Gunnar Alf Larsen	mann
Hallvard	Hallvard Eika	mann
Harry	Harry Hansen	mann
Haldis	Haldis Havrøy	kvinne
Hanna	Hanna Kvanmo	kvinne
Harald	Harald U. Lied	mann
Hans	Hans Hammond Rossbach	mann
Harald	Harald Bjarne Slettebø	mann
Hermund	Hermund Eian	mann
Håkon	Håkon Kyllingmark	mann
Håkon	Håkon Randal	mann
Ingvar	Ingvar Bakken	mann
Jens	Jens P. Flå	mann
Johan	Johan J. Jakobsen	mann
John	John Austrheim	mann
Jo	Jo Benkow	mann
Johannes	Johannes Gilleberg	mann
Johnny	Johnny Stenberg	mann
Johan	Johan Støa	mann
Johan	Johan A. Vikan	mann
Johannes	Johannes Vågsnes	mann
Johan	Johan Østby	mann
Jan	Jan P. Syse	mann
Jørgen	Jørgen Sønstebø	mann
Jakob	Jakob Aano	mann
Karin	Karin Hafstad	kvinne
Karl	Karl Sverre Klevstad	mann
Kirsten	Kirsten Myklevoll	kvinne
Kjell	Kjell Magne Fredheim	mann
Kjell	Kjell Edvard Helland	mann
Kjell	Kjell Magne Bondevik	mann
Knut	Knut Frydenlund	mann
Knut	Knut Haus	mann
Knut	Knut Myrstad	mann
Kolbjørn	Kolbjørn Stordrange	mann
Kristin	Kristin Kverneland Lønningdal	kvinne
Kåre	Kåre Øistein Hansen	mann
Kåre	Kåre Kristiansen	mann
Kåre	Kåre Rønning	mann
Karl	Karl Aasland	mann
Kåre	Kåre Stokkeland	mann
Kåre	Kåre Willoch	mann
Lars	Lars Holen	mann
Lars	Lars Korvald	mann
Lars	Lars Roar Langslet	mann
Lars	Lars T. Platou	mann
Lauritz	Lauritz Bernhard Sirevaag	mann
Liv	Liv Andersen	kvinne
Liv	Liv Stubberud	kvinne
Liv	Liv Aasen	kvinne
Sonja	Sonja Aase Ludvigsen	kvinne
Martin	Martin Buvik	mann
Margit	Margit Tøsdal	kvinne
Oddleif	Oddleif Fagerheim	mann
Odin	Odin Hansen	mann
Oddbjørn	Oddbjørn Sverre Langlo	mann
Odd	Odd Lien	mann
Odvar	Odvar Nordli	mann
Odd	Odd Vattekar	mann
Odd	Odd Vigestad	mann
Odd	Odd With	mann
Olaf	Olaf Knudson	mann
Ola	Ola Langset	mann
Ole	Ole Myrvoll	mann
Ola	Ola O. Røssum	mann
Osmund	Osmund Faremo	mann
Ottar	Ottar Brox	mann
Ottar	Ottar Gravås	mann
Otto	Otto Hauglin	mann
Ottar	Ottar Landfald	mann
Otto	Otto Lyng	mann
Paul	Paul Thyness	mann
Per	Per Borten	mann
Petter	Petter Furberg	mann
Per	Per Hysing-Dahl	mann
Per	Per Karstensen	mann
Per	Per Mellesmo	mann
Per	Per Almar Aas	mann
Ragnar	Ragnar Karl Viktor Christiansen	mann
Ragnar	Ragnar Udjus	mann
Reidar	Reidar T. Larsen	mann
Roald	Roald Åsmund Bye	mann
Rolf	Rolf Fjeldvær	mann
Rolf	Rolf Furuseth	mann
Rolf	Rolf Hellem	mann
Rolf	Rolf Presthus	mann
Sverre	Sverre L. Mo	mann
Sigrid	Sigrid Utkilen	kvinne
Sverre	Sverre Helland	mann
Sverre	Sverre Johan Juvik	mann
Svenn	Svenn Thorkild Stray	mann
Thor	Thor Gystad	mann
Thorbjørn	Thorbjørn Kultorp	mann
Thor	Thor Listau	mann
Thor	Thor Lund	mann
Thorstein	Thorstein Treholt	mann
Torgeir	Torgeir Andersen	mann
Tor	Tor Henriksen	mann
Tor	Tor Oftedal	mann
Torild	Torild Skard	kvinne
Torstein	Torstein Tynning	mann
Toralf	Toralf Westermoen	mann
Trygve	Trygve Bratteli	mann
Tønnes	Tønnes Madsson Andenæs	mann
Valter	Valter Gabrielsen	mann
Willy	Willy Arne Wold	mann
Åge	Åge Ramberg	mann
Aase	Aase Lionæs	kvinne
Aksel	Aksel Fossen	mann
Alv	Alv Jakob Fostervoll	mann
Alfred	Alfred Meyer Henningsen	mann
Alfred	Alfred Thommesen	mann
Anders	Anders John Aune	mann
Annemarie	Annemarie Lorentzen	kvinne
Anton	Anton Skulberg	mann
Arnt	Arnt Gudleik Hagen	mann
Arvid	Arvid Johanson	mann
Arne	Arne Kielland	mann
Arne	Arne Nilsen	mann
Arne	Arne Sæter	mann
Arnold	Arnold Weiberg-Aurdal	mann
Asbjørn	Asbjørn Granheim	mann
Asbjørn	Asbjørn Haugstvedt	mann
Asbjørn	Asbjørn Lillås	mann
Astrid	Astrid Murberg Martinsen	kvinne
Asbjørn	Asbjørn Sjøthun	mann
Aslak	Aslak Versto	mann
Bergfrid	Bergfrid Fjose	kvinne
Bernt	Bernt Ingvaldsen	mann
Berte	Berte Rognerud	kvinne
Bent	Bent Røiseland	mann
Bjarne	Bjarne Mørk-Eidem	mann
Bjarne	Bjarne Flem	mann
Bjørn	Bjørn Unneberg	mann
Bodil	Bodil Aakre	kvinne
Edvard	Edvard Magnus Edvardsen	mann
Edmund	Edmund Fjærvoll	mann
Egil	Egil Endresen	mann
Egil	Egil Aarvik	mann
Einar	Einar Førde	mann
Eigil	Eigil Olaf Liane	mann
Einar	Einar Hole Moxnes	mann
Else	Else Repål	kvinne
Erling	Erling Engan	mann
Erling	Erling Norvik	mann
Erling	Erling Petersen	mann
Erland	Erland Steenberg	mann
Finn	Finn Kristensen	mann
Geirmund	Geirmund Ihle	mann
Gunnar	Gunnar Skaug	mann
Gunnar	Gunnar Berge	mann
Gunnar	Gunnar Garbo	mann
Guttorm	Guttorm Hansen	mann
Gunnar	Gunnar Thorleif Hvashovd	mann
Guri	Guri Johannessen	kvinne
Gunnar	Gunnar Alf Larsen	mann
Hallvard	Hallvard Eika	mann
Harry	Harry Hansen	mann
Halfdan	Halfdan Hegtun	mann
Harald	Harald Johan Løbak	mann
Hans	Hans Hammond Rossbach	mann
Hermund	Hermund Eian	mann
Helge	Helge Jakobsen	mann
Henrik	Henrik J. Lisæth	mann
Helge	Helge Seip	mann
Håkon	Håkon Johnsen	mann
Håkon	Håkon Kyllingmark	mann
Inge	Inge Einarsen Bartnes	mann
Ingvar	Ingvar Lars Helle	mann
Ingvar	Ingvar Bakken	mann
Ingvald	Ingvald Johan Ulveseth	mann
Jens	Jens Haugland	mann
John	John Austrheim	mann
Jo	Jo Benkow	mann
Johannes	Johannes Gilleberg	mann
Johan	Johan Kleppe	mann
Johan	Johan Støa	mann
Johan	Johan A. Vikan	mann
Johan	Johan Østby	mann
Johannes	Johannes Østtveit	mann
Jakob	Jakob Aano	mann
Karl	Karl J. Brommeland	mann
Karstein	Karstein Seland	mann
Kjell	Kjell Magne Fredheim	mann
Kjeld	Kjeld Langeland	mann
Knut	Knut Frydenlund	mann
Knut	Knut Myrstad	mann
Kolbjørn	Kolbjørn Stordrange	mann
Kristoffer	Kristoffer Rein	mann
Karl	Karl Aasland	mann
Kåre	Kåre Stokkeland	mann
Kåre	Kåre Willoch	mann
Lars	Lars Holen	mann
Lars	Lars Korvald	mann
Lars	Lars Roar Langslet	mann
Lars	Lars T. Platou	mann
Lauritz	Lauritz Bernhard Sirevaag	mann
Leif	Leif Granli	mann
Liv	Liv Andersen	kvinne
Liv	Liv Aasen	kvinne
Sonja	Sonja Aase Ludvigsen	kvinne
Martin	Martin Buvik	mann
Martha	Martha Frederikke Johannessen	kvinne
Margith	Margith Johanne Munkebye	kvinne
Magnus	Magnus Andersen	mann
Nils	Nils Kristen Jacobsen	mann
Oddleif	Oddleif Fagerheim	mann
Odvar	Odvar Nordli	mann
Odd	Odd Vattekar	mann
Odd	Odd Vigestad	mann
Olaf	Olaf Knudson	mann
Ola	Ola H. Kveli	mann
Olav	Olav Marås	mann
Ola	Ola O. Røssum	mann
Olav	Olav Totland	mann
Osmund	Osmund Faremo	mann
Otto	Otto Lyng	mann
Paul	Paul Svarstad	mann
Paul	Paul Thyness	mann
Per	Per Borten	mann
Petter	Petter Furberg	mann
Per	Per Hysing-Dahl	mann
Per	Per Karstensen	mann
Per	Per Mellesmo	mann
Peder	Peder P. Næsheim	mann
Peter	Peter Kjeldseth Moe	mann
Ragnar	Ragnar Karl Viktor Christiansen	mann
Roald	Roald Åsmund Bye	mann
Rolf	Rolf Fjeldvær	mann
Rolf	Rolf Furuseth	mann
Rolf	Rolf Hellem	mann
Rolf	Rolf Presthus	mann
Salve	Salve Andreas Salvesen	mann
Sverre	Sverre L. Mo	mann
Sverre	Sverre Helland	mann
Sverre	Sverre Johan Juvik	mann
Sverre	Sverre Bernhard Nybø	mann
Svenn	Svenn Thorkild Stray	mann
Theodor	Theodor Dyring	mann
Thor	Thor Gystad	mann
Thorbjørn	Thorbjørn Kultorp	mann
Thor	Thor Lund	mann
Thor	Thor Myklebust	mann
Thorstein	Thorstein Treholt	mann
Torgeir	Torgeir Andersen	mann
Torger	Torger Hovi	mann
Tor	Tor Oftedal	mann
Tove	Tove Pihl	kvinne
Torstein	Torstein Tynning	mann
Toralf	Toralf Westermoen	mann
Trygve	Trygve Bratteli	mann
Tønnes	Tønnes Madsson Andenæs	mann
Valter	Valter Gabrielsen	mann
Walter	Walter Kåre Tjønndal	mann
Willy	Willy Jansson	mann
Willy	Willy Arne Wold	mann
Øyvind	Øyvind Bjorvatn	mann
Aase	Aase Lionæs	kvinne
Alfred	Alfred Meyer Henningsen	mann
Alfred	Alfred Thommesen	mann
Anders	Anders Sæterøy	mann
Andreas	Andreas Wormdahl	mann
Arnt	Arnt Gudleik Hagen	mann
Arvid	Arvid Johanson	mann
Arne	Arne Nilsen	mann
Asbjørn	Asbjørn Antoni Holm	mann
Asbjørn	Asbjørn Lillås	mann
Bernt	Bernt Ingvaldsen	mann
Berte	Berte Rognerud	kvinne
Bent	Bent Røiseland	mann
Bjarne	Bjarne Flem	mann
Bjarne	Bjarne Henry Henriksen	mann
Bjarne	Bjarne Lyngstad	mann
Bjarne	Bjarne Undheim	mann
Borghild	Borghild Bondevik Haga	kvinne
Edvard	Edvard Magnus Edvardsen	mann
Edvard	Edvard Isak Hambro	mann
Egil	Egil Endresen	mann
Einar	Einar Gerhardsen	mann
Einar	Einar Hovdhaugen	mann
Eigil	Eigil Olaf Liane	mann
Einar	Einar Magnus Stavang	mann
Erik	Erik Braadland	mann
Erling	Erling Engan	mann
Erling	Erling Norvik	mann
Erling	Erling Petersen	mann
Erland	Erland Steenberg	mann
Finn	Finn Gustavsen	mann
Finn	Finn Moe	mann
Gunvor	Gunvor Katharina Eker	kvinne
Gunnar	Gunnar Garbo	mann
Guttorm	Guttorm Hansen	mann
Gunnar	Gunnar Fredrik Hellesen	mann
Guri	Guri Johannessen	kvinne
Gunnar	Gunnar Alf Larsen	mann
Halvor	Halvor Bjellaanes	mann
Hans	Hans Borgen	mann
Hans	Hans Berg	mann
Halfdan	Halfdan Hegtun	mann
Harry	Harry Johan Olai Klippenvåg	mann
Halvard	Halvard Lange	mann
Harald	Harald Johan Løbak	mann
Hans	Hans Hammond Rossbach	mann
Harald	Harald Nicolai Samuelsberg	mann
Harald	Harald Selås	mann
Haakon	Haakon Sløgedal	mann
Haldis	Haldis Tjernsberg	kvinne
Harald	Harald Warholm	mann
Helge	Helge Jakobsen	mann
Helge	Helge Seip	mann
Håkon	Håkon Johnsen	mann
Håkon	Håkon Kyllingmark	mann
Inge	Inge Einarsen Bartnes	mann
Ingvar	Ingvar Bakken	mann
Ingolv	Ingolv Helland	mann
Inga	Inga Lovise Tusvik	kvinne
Ingvald	Ingvald Johan Ulveseth	mann
Iver	Iver Johan Unsgård	mann
Jens	Jens Haugland	mann
Johan	Johan Andersen	mann
John	John Austrheim	mann
Jo	Jo Benkow	mann
Jonas	Jonas Enge	mann
Johannes	Johannes Gilleberg	mann
Jon	Jon Leirfall	mann
Johan	Johan Støa	mann
Johan	Johan Møller Warmedal	mann
Johan	Johan Østby	mann
Johannes	Johannes Østtveit	mann
Jakob	Jakob Aano	mann
Karl	Karl J. Brommeland	mann
Kaare	Kaare Meland	mann
Karstein	Karstein Seland	mann
Kjeld	Kjeld Langeland	mann
Knut	Knut Myrstad	mann
Knut	Knut Toven	mann
Kristian	Kristian Asdahl	mann
Kristoffer	Kristoffer Rein	mann
Kåre	Kåre Martin Hansen	mann
Kåre	Kåre Stokkeland	mann
Kåre	Kåre Willoch	mann
Lars	Lars Holen	mann
Lars	Lars Korvald	mann
Lars	Lars Leiro	mann
Lars	Lars T. Platou	mann
Lars	Lars Tangvik	mann
Leif	Leif Granli	mann
Ludvig	Ludvig Olai Botnen	mann
Sonja	Sonja Aase Ludvigsen	kvinne
Lars	Lars Amandus Aasgard	mann
Martin	Martin Buvik	mann
Martha	Martha Frederikke Johannessen	kvinne
Margith	Margith Johanne Munkebye	kvinne
Martin	Martin Skaaren	mann
Magnus	Magnus Andersen	mann
Nils	Nils Hønsvald	mann
Nils	Nils Kristen Jacobsen	mann
Nils	Nils Langhelle	mann
Nikolai	Nikolai Paul Kornelius Molvik	mann
Odvar	Odvar Nordli	mann
Ola	Ola Johan Gjengedal	mann
Olav	Olav Gjærevoll	mann
Olav	Olav Hordvik	mann
Olaf	Olaf Knudson	mann
Olav	Olav Rasmussen Langeland	mann
Osmund	Osmund Faremo	mann
Oskar	Oskar Skogly	mann
Otto	Otto Dahl	mann
Otto	Otto Lyng	mann
Paul	Paul Svarstad	mann
Paul	Paul Thyness	mann
Per	Per Borten	mann
Per	Per Karstensen	mann
Per	Per Mellesmo	mann
Peder	Peder P. Næsheim	mann
Per	Per Sonerud	mann
Peter	Peter Kjeldseth Moe	mann
Ragnar	Ragnar Karl Viktor Christiansen	mann
Rakel	Rakel Seweriin	kvinne
Reidar	Reidar Strømdahl	mann
Reidar	Reidar Bruu	mann
Rolf	Rolf Fjeldvær	mann
Rolf	Rolf Hellem	mann
Rolf	Rolf Schjerven	mann
Salve	Salve Andreas Salvesen	mann
Sverre	Sverre L. Mo	mann
Sigurd	Sigurd Lund Hamran	mann
Steffen	Steffen Ingebriktsen Toppe	mann
Sunniva	Sunniva Hakestad Møller	kvinne
Sverre	Sverre Oddvar Andresen	mann
Sverre	Sverre Offenberg Løberg	mann
Sverre	Sverre Bernhard Nybø	mann
Sverre	Sverre Walter Rostoft	mann
Svenn	Svenn Thorkild Stray	mann
Theodor	Theodor Dyring	mann
Thor	Thor Fossum	mann
Thor	Thor Myklebust	mann
Thorstein	Thorstein Treholt	mann
Torger	Torger Hovi	mann
Torstein	Torstein Selvik	mann
Torkell	Torkell Tande	mann
Torstein	Torstein Tynning	mann
Trygve	Trygve Bratteli	mann
Trygve	Trygve Owren	mann
Trond	Trond Halvorsen Wirstad	mann
Valter	Valter Gabrielsen	mann
Øyvind	Øyvind Bjorvatn	mann
Aase	Aase Lionæs	kvinne
Alfred	Alfred Meyer Henningsen	mann
Alv	Alv Kjøs	mann
Alfred	Alfred Thommesen	mann
Anders	Anders Sæterøy	mann
Andreas	Andreas Wormdahl	mann
Asbjørn	Asbjørn Antoni Holm	mann
Asbjørn	Asbjørn Lillås	mann
Bernt	Bernt Ingvaldsen	mann
Berge	Berge Helle Kringlebotn	mann
Berte	Berte Rognerud	kvinne
Bent	Bent Røiseland	mann
Bjarne	Bjarne Henry Henriksen	mann
Bjarne	Bjarne Lyngstad	mann
Bjarne	Bjarne Støtvig	mann
Bjarne	Bjarne Undheim	mann
Botolv	Botolv Bråtalien	mann
Claus	Claus Marius Neergaard	mann
Edmund	Edmund Fjærvoll	mann
Edvard	Edvard Isak Hambro	mann
Egil	Egil Aarvik	mann
Einar	Einar Gerhardsen	mann
Einar	Einar Hareide	mann
Einar	Einar Hovdhaugen	mann
Eigil	Eigil Olaf Liane	mann
Einar	Einar Magnus Stavang	mann
Einar	Einar Wøhni	mann
Erik	Erik Braadland	mann
Erling	Erling Engan	mann
Erling	Erling Fredriksfryd	mann
Erling	Erling Norvik	mann
Erling	Erling Petersen	mann
Finn	Finn Gustavsen	mann
Finn	Finn Moe	mann
Frithjov	Frithjov Meier Vik	mann
Gunvor	Gunvor Katharina Eker	kvinne
Gunvald	Gunvald Engelstad	mann
Gunnar	Gunnar Garbo	mann
Guttorm	Guttorm Granum	mann
Guttorm	Guttorm Hansen	mann
Gunnar	Gunnar Fredrik Hellesen	mann
Guri	Guri Johannessen	kvinne
Gunnar	Gunnar Kalrasten	mann
Gunnar	Gunnar Mykstu	mann
Hans	Hans Borgen	mann
Hans	Hans Berg	mann
Harry	Harry Johan Olai Klippenvåg	mann
Halvard	Halvard Lange	mann
Harald	Harald Johan Løbak	mann
Hans	Hans Offerdal	mann
Hans	Hans Karolus Ommedal	mann
Harald	Harald Nicolai Samuelsberg	mann
Harald	Harald Selås	mann
Haakon	Haakon Sløgedal	mann
Haldis	Haldis Tjernsberg	kvinne
Harald	Harald Warholm	mann
Henry	Henry Jacobsen	mann
Helge	Helge Jakobsen	mann
Hjalmar	Hjalmar Olai Storeide	mann
Hartvig	Hartvig Svendsen	mann
Håkon	Håkon Johnsen	mann
Håkon	Håkon Kyllingmark	mann
Inge	Inge Einarsen Bartnes	mann
Ingvar	Ingvar Bakken	mann
Ingolv	Ingolv Helland	mann
Isak	Isak Larsson Flatabø	mann
Ivar	Ivar Kornelius Eikrem	mann
Iver	Iver Johan Unsgård	mann
Jakob	Jakob Martin Pettersen	mann
Jakob	Jakob Martinus Remseth	mann
Jens	Jens Haugland	mann
Johan	Johan Andersen	mann
John	John Austrheim	mann
Jonas	Jonas Enge	mann
Johan	Johan Sigurd Karlsen	mann
Jon	Jon Leirfall	mann
John	John Lyng	mann
Johannes	Johannes Olai Olsen	mann
Johan	Johan Møller Warmedal	mann
Jørgen	Jørgen Grave	mann
Karl	Karl J. Brommeland	mann
Karen	Karen Grønn-Hagen	kvinne
Kjell	Kjell Bondevik	mann
Knut	Knut Toven	mann
Knut	Knut Ytre-Arne	mann
Konrad	Konrad Mathias Nordahl	mann
Kolbjørn	Kolbjørn Sigurd Verner Varmann	mann
Kristian	Kristian Asdahl	mann
Kristian	Kristian Langlo	mann
Kristoffer	Kristoffer Rein	mann
Kåre	Kåre Martin Hansen	mann
Kåre	Kåre Willoch	mann
Lars	Lars Korvald	mann
Lars	Lars Leiro	mann
Lars	Lars Ramndal	mann
Leif	Leif Granli	mann
Liv	Liv Tomter	kvinne
Chr.	Chr. L. Holm	mann
Ludvig	Ludvig Olai Botnen	mann
Lars	Lars Amandus Aasgard	mann
Magnhild	Magnhild Hagelia	kvinne
Martha	Martha Frederikke Johannessen	kvinne
Margith	Margith Johanne Munkebye	kvinne
Martin	Martin Skaaren	mann
Margit	Margit Tøsdal	kvinne
Nils	Nils Hønsvald	mann
Nils	Nils Kristen Jacobsen	mann
Nils	Nils Langhelle	mann
Nils	Nils Kristian Lysø	mann
Oddmund	Oddmund Hoel	mann
Odvar	Odvar Nordli	mann
Ole	Ole Bergesen	mann
Oliver	Oliver Dahl-Goli	mann
Olai	Olai Ingemar Eikeland	mann
Olav	Olav Hordvik	mann
Ole	Ole Jørgensen	mann
Olaf	Olaf Knudson	mann
Olav	Olav Rasmussen Langeland	mann
Ole	Ole Rømer Aagaard Sandberg	mann
Olaf	Olaf Fredrik Watnebryn	mann
Oskar	Oskar Skogly	mann
Otto	Otto Dahl	mann
Otto	Otto Lyng	mann
Parelius	Parelius Hjalmar Bang Berntsen	mann
Per	Per Borten	mann
Per	Per Lønning	mann
Peter	Peter Ovald Reinsnes	mann
Peter	Peter Kjeldseth Moe	mann
Ragnar	Ragnar Karl Viktor Christiansen	mann
Rakel	Rakel Seweriin	kvinne
Reidar	Reidar Strømdahl	mann
Reidar	Reidar Magnus Aamo	mann
Reidar	Reidar Bruu	mann
Rolf	Rolf Schjerven	mann
Sigurd	Sigurd Lund Hamran	mann
Sivert	Sivert Todal	mann
Sunniva	Sunniva Hakestad Møller	kvinne
Sveinung	Sveinung O. Flaaten	mann
Sverre	Sverre Offenberg Løberg	mann
Sverre	Sverre Bernhard Nybø	mann
Svenn	Svenn Thorkild Stray	mann
Thor	Thor Fossum	mann
Thorstein	Thorstein Treholt	mann
Torger	Torger Hovi	mann
Torstein	Torstein Kvamme	mann
Torstein	Torstein Selvik	mann
Torkell	Torkell Tande	mann
Trygve	Trygve Bratteli	mann
Trond	Trond Hegna	mann
Trond	Trond Halvorsen Wirstad	mann
Aase	Aase Lionæs	kvinne
Alv	Alv Kjøs	mann
Alfred	Alfred Thommesen	mann
Anders	Anders Johanneson Bøyum	mann
Anders	Anders Sæterøy	mann
Andreas	Andreas Wormdahl	mann
Arvid	Arvid Johanson	mann
Arne	Arne Torolf Strøm	mann
Asbjørn	Asbjørn Solberg	mann
Bernt	Bernt Ingvaldsen	mann
Berte	Berte Rognerud	kvinne
Bent	Bent Røiseland	mann
Birger	Birger Breivik	mann
Bjarne	Bjarne Fjærtoft	mann
Bjarne	Bjarne Henry Henriksen	mann
Bjarne	Bjarne Daniel Solli	mann
Bjarne	Bjarne Støtvig	mann
Botolv	Botolv Bråtalien	mann
Claudia	Claudia Olsen	kvinne
Einar	Einar Gerhardsen	mann
Einar	Einar Hareide	mann
Einar	Einar Hovdhaugen	mann
Eigil	Eigil Olaf Liane	mann
Einar	Einar Magnus Stavang	mann
Lars	Lars Elisæus Vatnaland	mann
Emil	Emil Løvlien	mann
Erling	Erling Engan	mann
Erling	Erling Fredriksfryd	mann
Erling	Erling Johannes Norvik	mann
Erling	Erling Petersen	mann
Erling	Erling Johan Vindenes	mann
Erling	Erling Wikborg	mann
Finn	Finn Moe	mann
Frithjov	Frithjov Meier Vik	mann
Gunvald	Gunvald Engelstad	mann
Gunnar	Gunnar Garbo	mann
Guttorm	Guttorm Granum	mann
Guri	Guri Johannessen	kvinne
Gunnar	Gunnar Kalrasten	mann
Gunnar	Gunnar Mykstu	mann
Gustav	Gustav Adolf Sjaastad	mann
Hans	Hans Borgen	mann
Hans	Hans Berg	mann
Halvor	Halvor Bunkholt	mann
Hartvig	Hartvig Caspar Christie	mann
Harry	Harry Johan Olai Klippenvåg	mann
Halvard	Halvard Lange	mann
Harald	Harald Johan Løbak	mann
Hans	Hans Offerdal	mann
Hans	Hans Karolus Ommedal	mann
Harald	Harald Nicolai Samuelsberg	mann
Harald	Harald Selås	mann
Hans	Hans Nikolai Stavrand	mann
Harald	Harald Warholm	mann
Henry	Henry Jacobsen	mann
Helge	Helge Seip	mann
Henrik	Henrik Svensen	mann
Hjalmar	Hjalmar Olai Storeide	mann
Hartvig	Hartvig Svendsen	mann
Håkon	Håkon Johnsen	mann
Håkon	Håkon Kyllingmark	mann
Inge	Inge Einarsen Bartnes	mann
Ingvar	Ingvar Bakken	mann
Ingvald	Ingvald Johannes Jaklin	mann
Isak	Isak Larsson Flatabø	mann
Ivar	Ivar Kornelius Eikrem	mann
Iver	Iver Johan Unsgård	mann
Jakob	Jakob Martin Pettersen	mann
Jakob	Jakob Martinus Remseth	mann
Jens	Jens Haugland	mann
Johan	Johan Andersen	mann
Jonas	Jonas Enge	mann
Johan	Johan Sigurd Karlsen	mann
Jon	Jon Leirfall	mann
John	John Lyng	mann
Johannes	Johannes Olai Olsen	mann
Johan	Johan Møller Warmedal	mann
Karl	Karl J. Brommeland	mann
Kaare	Kaare Steel Groos	mann
Kjell	Kjell Bondevik	mann
Knut	Knut Toven	mann
Knut	Knut Severin Jakobsen Vik	mann
Knut	Knut Ytre-Arne	mann
Konrad	Konrad Mathias Nordahl	mann
Kolbjørn	Kolbjørn Sigurd Verner Varmann	mann
Kristian	Kristian Fjeld	mann
Kåre	Kåre Willoch	mann
Lars	Lars Leiro	mann
Lars	Lars Ramndal	mann
Lars	Lars Sæter	mann
Leif	Leif Granli	mann
Liv	Liv Tomter	kvinne
Chr.	Chr. L. Holm	mann
Magnhild	Magnhild Hagelia	kvinne
Martha	Martha Frederikke Johannessen	kvinne
Margith	Margith Johanne Munkebye	kvinne
Mons	Mons Arntsen Løvset	mann
Nils	Nils Hønsvald	mann
Nils	Nils Kristen Jacobsen	mann
Nils	Nils Langhelle	mann
Nils	Nils Kristian Lysø	mann
Oddmund	Oddmund Hoel	mann
Olav	Olav Benum	mann
Ole	Ole Bergesen	mann
Olav	Olav Hordvik	mann
Ole	Ole Jørgensen	mann
Olaf	Olaf Knudson	mann
Olav	Olav Rasmussen Langeland	mann
Olav	Olav Meisdalshagen	mann
Ola	Ola Olsen	mann
Ole	Ole Rømer Aagaard Sandberg	mann
Olav	Olav Aslakson Versto	mann
Olaf	Olaf Fredrik Watnebryn	mann
Oskar	Oskar Skogly	mann
Oscar	Oscar Fredrik Torp	mann
Otto	Otto Dahl	mann
Otto	Otto Lyng	mann
Parelius	Parelius Hjalmar Bang Berntsen	mann
Paul	Paul Ingebretsen	mann
Paul	Paul Oskar Lindberget	mann
Per	Per Borten	mann
Per	Per Severin Hjermann	mann
Peder	Peder Nikolai Leier Jacobsen	mann
Per	Per Lønning	mann
Peter	Peter Torleivson Molaug	mann
Peter	Peter Ovald Reinsnes	mann
Peter	Peter Kjeldseth Moe	mann
Ragnar	Ragnar Karl Viktor Christiansen	mann
Rakel	Rakel Seweriin	kvinne
Reidar	Reidar Carlsen	mann
Reidar	Reidar Strømdahl	mann
Reidar	Reidar Magnus Aamo	mann
Reidar	Reidar Bruu	mann
Ragnvald	Ragnvald Mikal Andersen	mann
Sigurd	Sigurd Lund Hamran	mann
Sivert	Sivert Todal	mann
Sunniva	Sunniva Hakestad Møller	kvinne
Sverre	Sverre Offenberg Løberg	mann
Sverre	Sverre Bernhard Nybø	mann
Svenn	Svenn Thorkild Stray	mann
Thorstein	Thorstein Treholt	mann
Torgeir	Torgeir Andreas Berge	mann
Torstein	Torstein Kvamme	mann
Torstein	Torstein Selvik	mann
Torkell	Torkell Tande	mann
Trygve	Trygve Bratteli	mann
Trond	Trond Hegna	mann
Trygve	Trygve Haugeland	mann
Trond	Trond Halvorsen Wirstad	mann
Ulrik	Ulrik Olsen	mann
Aase	Aase Lionæs	kvinne
Alv	Alv Kjøs	mann
Alfred	Alfred Sigurd Nilsen	mann
Amund	Amund Rasmussen Skarholt	mann
Anton	Anton Ludvik Alvestad	mann
Anders	Anders Johanneson Bøyum	mann
Anders	Anders Hove	mann
Anton	Anton Ryen	mann
Anders	Anders Sæterøy	mann
Arne	Arne Askildsen	mann
Arthur	Arthur Arntzen	mann
Arnt	Arnt Jacobsen Mørland	mann
Arne	Arne Leonhard Nilsen	mann
Arthur	Arthur Sundt	mann
Arne	Arne Torolf Strøm	mann
Astrid	Astrid Skare	kvinne
Asbjørn	Asbjørn Solberg	mann
Bernt	Bernt Ingvaldsen	mann
Berte	Berte Rognerud	kvinne
Bent	Bent Røiseland	mann
Bjarne	Bjarne Fjærtoft	mann
Bjarne	Bjarne Henry Henriksen	mann
Bjarne	Bjarne Daniel Solli	mann
Carl	Carl Joachim Hambro	mann
Claudia	Claudia Olsen	kvinne
Einar	Einar Frogner	mann
Einar	Einar Gerhardsen	mann
Einar	Einar Hareide	mann
Eigil	Eigil Olaf Liane	mann
Einar	Einar Magnus Stavang	mann
Lars	Lars Elisæus Vatnaland	mann
Emil	Emil Løvlien	mann
Endre	Endre Kristian Vestvik	mann
Erling	Erling Engan	mann
Erling	Erling Fredriksfryd	mann
Erling	Erling Johannes Norvik	mann
Erling	Erling Petersen	mann
Erling	Erling Johan Vindenes	mann
Erling	Erling Wikborg	mann
Finn	Finn Moe	mann
Frithjov	Frithjov Meier Vik	mann
Gotfred	Gotfred Johan Hølvold	mann
Gunvald	Gunvald Engelstad	mann
Gunnar	Gunnar Kalrasten	mann
Hans	Hans Borgen	mann
Hans	Hans Berg	mann
Hartvig	Hartvig Caspar Christie	mann
Hans	Hans Oskar Evju	mann
Harry	Harry Johan Olai Klippenvåg	mann
Halvard	Halvard Lange	mann
Harald	Harald Johan Løbak	mann
Hans	Hans Karolus Ommedal	mann
Harald	Harald Selås	mann
Hans	Hans Nikolai Stavrand	mann
Harald	Harald Houge Torp	mann
Henry	Henry Jacobsen	mann
Helge	Helge Seip	mann
Herman	Herman Smitt Ingebretsen	mann
Henrik	Henrik Svensen	mann
Hjalmar	Hjalmar Olai Storeide	mann
Hartvig	Hartvig Svendsen	mann
Håkon	Håkon Johnsen	mann
Håkon	Håkon Kyllingmark	mann
Inge	Inge Einarsen Bartnes	mann
Ingvald	Ingvald Johannes Jaklin	mann
Isak	Isak Larsson Flatabø	mann
Ivar	Ivar Kornelius Eikrem	mann
Ivar	Ivar Kristiansen Hognestad	mann
Ivar	Ivar Jacobsen Norevik	mann
Jakob	Jakob Martin Pettersen	mann
Jakob	Jakob Martinus Remseth	mann
Jens	Jens Haugland	mann
Jens	Jens Olai Steffensen	mann
Johan	Johan Wiik	mann
Johan	Johan Andersen	mann
Jonas	Jonas Enge	mann
Johan	Johan Sigurd Karlsen	mann
Jon	Jon Leirfall	mann
Johannes	Johannes Olai Olsen	mann
Johan	Johan Møller Warmedal	mann
Johan	Johan Strand Johansen	mann
Jørgen	Jørgen Grave	mann
Karl	Karl Henry Karlsen	mann
Kjell	Kjell Bondevik	mann
Kjell	Kjell Gjøstein Aabrek	mann
Klara	Klara Amalie Skoglund	kvinne
Knut	Knut Olaf Andreasson Strand	mann
Knut	Knut Toven	mann
Knut	Knut Severin Jakobsen Vik	mann
Knut	Knut Ytre-Arne	mann
Konrad	Konrad Gustav Knudsen	mann
Kolbjørn	Kolbjørn Sigurd Verner Varmann	mann
Kristian	Kristian Asdahl	mann
Kristian	Kristian Fjeld	mann
Lars	Lars Samuel Myhrer Evensen	mann
Lars	Lars Magnus Moen	mann
Lars	Lars Ramndal	mann
Lauritz	Lauritz Johan Riise	mann
Lars	Lars Sæter	mann
Leif	Leif Granli	mann
Liv	Liv Tomter	kvinne
Chr.	Chr. L. Holm	mann
Magnhild	Magnhild Hagelia	kvinne
Martin	Martin Smeby	mann
Mons	Mons Arntsen Løvset	mann
Neri	Neri Valen	mann
Nils	Nils Hønsvald	mann
Nils	Nils Kristen Jacobsen	mann
Nils	Nils Langhelle	mann
Oddmund	Oddmund Hoel	mann
Olav	Olav Benum	mann
Ole	Ole Bergesen	mann
Olav	Olav Hordvik	mann
Ola	Ola Høyland	mann
Ole	Ole Jørgensen	mann
Olaf	Olaf Knudson	mann
Olav	Olav Rasmussen Langeland	mann
Olav	Olav Meisdalshagen	mann
Ola	Ola Olsen	mann
Olaf	Olaf Sørensen	mann
Olav	Olav Aslakson Versto	mann
Olaf	Olaf Fredrik Watnebryn	mann
Oscar	Oscar Fredrik Torp	mann
Otto	Otto Dahl	mann
Parelius	Parelius Hjalmar Bang Berntsen	mann
Paul	Paul Martin Dahlø	mann
Paul	Paul Ingebretsen	mann
Paul	Paul Oskar Lindberget	mann
Per	Per Borten	mann
Per	Per Severin Hjermann	mann
Peder	Peder Nikolai Leier Jacobsen	mann
Peter	Peter Torleivson Molaug	mann
Rakel	Rakel Seweriin	kvinne
Reidar	Reidar Carlsen	mann
Reidar	Reidar Andreas Lyseth	mann
Reidar	Reidar Strømdahl	mann
Reidar	Reidar Magnus Aamo	mann
Reidar	Reidar Bruu	mann
Sigurd	Sigurd Lund Hamran	mann
Sigurd	Sigurd Lersbryggen	mann
Sverre	Sverre Offenberg Løberg	mann
Sverre	Sverre Bernhard Nybø	mann
Sverre	Sverre Walter Rostoft	mann
Torgeir	Torgeir Andreas Berge	mann
Torstein	Torstein Kvamme	mann
Torstein	Torstein Selvik	mann
Trygve	Trygve Bratteli	mann
Trond	Trond Hegna	mann
Trond	Trond Halvorsen Wirstad	mann
Ulrik	Ulrik Olsen	mann
Wilhelm	Wilhelm Engel Bredal	mann
Alv	Alv Kjøs	mann
Alfred	Alfred Sigurd Nilsen	mann
Amund	Amund Rasmussen Skarholt	mann
Anton	Anton Ludvik Alvestad	mann
Anton	Anton Berge	mann
Anders	Anders Johanneson Bøyum	mann
Anders	Anders Hove	mann
Anton	Anton Ryen	mann
Arthur	Arthur Arntzen	mann
Arnold	Arnold Carl Johansen	mann
Arne	Arne Torolf Strøm	mann
Astrid	Astrid Skare	kvinne
Asbjørn	Asbjørn Solberg	mann
Bernhard	Bernhard Berthelsen	mann
Bernt	Bernt Ingvaldsen	mann
Bent	Bent Røiseland	mann
Bjarne	Bjarne Støtvig	mann
Carl	Carl Joachim Hambro	mann
Carl	Carl Viggo Manthey Lange	mann
Carl	Carl August Petersen Wright	mann
Claudia	Claudia Olsen	kvinne
Cornelius	Cornelius Karlstrøm	mann
Einar	Einar Frogner	mann
Einar	Einar Gerhardsen	mann
Einar	Einar Hareide	mann
Einar	Einar Iveland	mann
Einar	Einar Osland	mann
Einar	Einar Magnus Stavang	mann
Lars	Lars Elisæus Vatnaland	mann
Erling	Erling Fredriksfryd	mann
Erling	Erling Johannes Norvik	mann
Erling	Erling Johan Vindenes	mann
Finn	Finn Moe	mann
Finn	Finn Øen	mann
Gabriel	Gabriel Endresen Moseid	mann
Gunvald	Gunvald Engelstad	mann
Guttorm	Guttorm Granum	mann
Gunnar	Gunnar Kalrasten	mann
Gustav	Gustav Natvig-Pedersen	mann
Haldor	Haldor Bjerkeseth	mann
Hans	Hans Borgen	mann
Halvor	Halvor Bunkholt	mann
Hartvig	Hartvig Caspar Christie	mann
Hans	Hans Oskar Evju	mann
Haldor	Haldor Andreas Haldorsen	mann
Harry	Harry Johan Olai Klippenvåg	mann
Halvard	Halvard Lange	mann
Harald	Harald Johan Løbak	mann
Hans	Hans Svarstad	mann
Harald	Harald Selås	mann
Hans	Hans Nikolai Stavrand	mann
Henry	Henry Jacobsen	mann
Herman	Herman Smitt Ingebretsen	mann
Hartvig	Hartvig Svendsen	mann
Håkon	Håkon Martin Breivoll	mann
Håkon	Håkon Johnsen	mann
Ingvald	Ingvald Johannes Jaklin	mann
Ingvald	Ingvald Tøndel	mann
Isak	Isak Larsson Flatabø	mann
Ivar	Ivar Kristiansen Hognestad	mann
Ivar	Ivar Jacobsen Norevik	mann
Jakob	Jakob Johan Sigfrid Friis	mann
Jakob	Jakob Mathias Antonson Lothe	mann
Jakob	Jakob Martin Pettersen	mann
Jakob	Jakob Martinus Remseth	mann
Jens	Jens Lunde	mann
Jens	Jens Olai Steffensen	mann
Johan	Johan Wiik	mann
Johan	Johan Andersen	mann
Joachim	Joachim Dahl	mann
Jonas	Jonas Enge	mann
Jon	Jon Leirfall	mann
Johannes	Johannes Pettersen Løkke	mann
John	John Lyng	mann
Johannes	Johannes Olai Olsen	mann
Johanne	Johanne Samueline Pedersen	kvinne
Karl	Karl Johan Edvardsen	mann
Kjell	Kjell Bondevik	mann
Klara	Klara Amalie Skoglund	kvinne
Knut	Knut Olaf Andreasson Strand	mann
Knut	Knut Toven	mann
Knut	Knut Ytre-Arne	mann
Konrad	Konrad Gustav Knudsen	mann
Kolbjørn	Kolbjørn Sigurd Verner Varmann	mann
Kristian	Kristian Fjeld	mann
Kristoffer	Kristoffer Skåne Grytnes	mann
Kristian	Kristian Langlo	mann
Lars	Lars Breie	mann
Sverre	Sverre Gjørwad	mann
Lars	Lars Magnus Moen	mann
Lars	Lars Ramndal	mann
Leif	Leif Granli	mann
Liv	Liv Tomter	kvinne
Chr.	Chr. L. Holm	mann
Magnhild	Magnhild Hagelia	kvinne
Martin	Martin Smeby	mann
Mons	Mons Arntsen Løvset	mann
Neri	Neri Valen	mann
Nils	Nils Hønsvald	mann
Nils	Nils Kristen Jacobsen	mann
Nils	Nils Langhelle	mann
Nils	Nils Andresson Lavik	mann
Alfred	Alfred Nilsen	mann
Nils	Nils Emaus Nilsen	mann
Olav	Olav Benum	mann
Ole	Ole Mikal Kobbe	mann
Olav	Olav Meisdalshagen	mann
Olav	Olav Kjetilson Nylund	mann
Olav	Olav Berntsen Oksvik	mann
Ole	Ole Jensen Rong d.y.	mann
Olaf	Olaf Sørensen	mann
Olav	Olav Aslakson Versto	mann
Olaf	Olaf Fredrik Watnebryn	mann
Oscar	Oscar Fredrik Torp	mann
Parelius	Parelius Hjalmar Bang Berntsen	mann
Paul	Paul Martin Dahlø	mann
Paul	Paul Ingebretsen	mann
Paul	Paul Oskar Lindberget	mann
Paul	Paul Tjøstolsen Sunde	mann
Per	Per Almaas	mann
Peder	Peder Alsvik	mann
Per	Per Borten	mann
Peder	Peder Nikolai Leier Jacobsen	mann
Ragnvald	Ragnvald Marensius Gundersen	mann
Rakel	Rakel Seweriin	kvinne
Reidar	Reidar Carlsen	mann
Reidar	Reidar Andreas Lyseth	mann
Reidar	Reidar Strømdahl	mann
Reidar	Reidar Magnus Aamo	mann
Rolf	Rolf Stranger	mann
Sigurd	Sigurd Lersbryggen	mann
Sigurd	Sigurd Pedersen	mann
Sjur	Sjur Lindebrække	mann
Sverre	Sverre Hope	mann
Sverre	Sverre Offenberg Løberg	mann
Sven	Sven Nielsen	mann
Syvert	Syvert Tobiassen Messel	mann
Tidemann	Tidemann Flaata Evensen	mann
Torgeir	Torgeir Andreas Berge	mann
Torvald	Torvald Haavardstad	mann
Torolv	Torolv Kandahl	mann
Torstein	Torstein Selvik	mann
Trygve	Trygve Bratteli	mann
Trond	Trond Hegna	mann
Trygve	Trygve Utheim	mann
Trond	Trond Halvorsen Wirstad	mann
Ulrik	Ulrik Olsen	mann
Wilhelm	Wilhelm Engel Bredal	mann
Aldor	Aldor Ingebrigtsen	mann
Aasmund	Aasmund Kulien	mann
Alv	Alv Kjøs	mann
Alfred	Alfred Leonard Kristian Vågnes	mann
Amund	Amund Rasmussen Skarholt	mann
Anders	Anders Johanneson Bøyum	mann
Anton	Anton Olai Normann Ingebrigtsen Djupvik	mann
Anders	Anders Hove	mann
Anders	Anders Tjøstolvsen Noddeland	mann
Anton	Anton Ryen	mann
Arthur	Arthur Arntzen	mann
Arvid	Arvid Johansen	mann
Arne	Arne Rostad	mann
Arthur	Arthur Sundt	mann
Arne	Arne Torolf Strøm	mann
Astrid	Astrid Skare	kvinne
Asbjørn	Asbjørn Solberg	mann
Bernhard	Bernhard Berthelsen	mann
Bernt	Bernt Ingvaldsen	mann
Bent	Bent Røiseland	mann
Carl	Carl Henry	mann
Carl	Carl Joachim Hambro	mann
Cato	Cato Andreas Sverdrup	mann
Carl	Carl Julius Alvin Westerlund	mann
Carl	Carl August Petersen Wright	mann
Christian	Christian Stephansen Oftedal	mann
Claudia	Claudia Olsen	kvinne
Eivind	Eivind Kristoffer Eriksen	mann
Einar	Einar Frogner	mann
Einar	Einar Gerhardsen	mann
Einar	Einar Hareide	mann
Einar	Einar Magnus Stavang	mann
Lars	Lars Elisæus Vatnaland	mann
Emil	Emil Løvlien	mann
Erling	Erling Fredriksfryd	mann
Erling	Erling Wikborg	mann
Frithjof	Frithjof Bettum	mann
Fredrik	Fredrik Monsen	mann
Gabriel	Gabriel Endresen Moseid	mann
Gunvald	Gunvald Engelstad	mann
Gustav	Gustav Natvig-Pedersen	mann
Gudbrand	Gudbrand Bernhardsen Tandberg	mann
Hans	Hans Eidnes	mann
Haldor	Haldor Andreas Haldorsen	mann
Harald	Harald Johan Løbak	mann
Hans	Hans Ingvald Hansen Ratvik	mann
Hans	Hans Svarstad	mann
Harald	Harald Selås	mann
Haakon	Haakon Olsen Wika	mann
Henry	Henry Jacobsen	mann
Henrik	Henrik Friis Robberstad	mann
Herman	Herman Smitt Ingebretsen	mann
Hartvig	Hartvig Svendsen	mann
Håkon	Håkon Martin Breivoll	mann
Hårek	Hårek Ludvig Hansen	mann
Håkon	Håkon Johnsen	mann
Ingvald	Ingvald Haugen	mann
Ingvald	Ingvald Svinsås-Lo	mann
Ingvald	Ingvald Tøndel	mann
Isak	Isak Larsson Flatabø	mann
Ivar	Ivar Bae	mann
Ivar	Ivar Kristiansen Hognestad	mann
Ivar	Ivar Jacobsen Norevik	mann
Jakob	Jakob Johan Sigfrid Friis	mann
Jakob	Jakob Mathias Antonson Lothe	mann
Jakob	Jakob Martin Pettersen	mann
Jakob	Jakob Martinus Remseth	mann
Jens	Jens Martin Arctander Jenssen	mann
Jens	Jens Lunde	mann
Jens	Jens Olai Steffensen	mann
Johan	Johan Wiik	mann
Johan	Johan Andersen	mann
Jon	Jon Andrå	mann
Joachim	Joachim Dahl	mann
Jon	Jon Leirfall	mann
John	John Lyng	mann
Johan	Johan Nygaardsvold	mann
Johannes	Johannes Olai Olsen	mann
Johanne	Johanne Samueline Pedersen	kvinne
Johan	Johan Strand Johansen	mann
Jørgen	Jørgen Leonard Firing	mann
Jørgen	Jørgen Herman Vogt	mann
Karl	Karl Johan Fjermeros	mann
Kaare	Kaare Fostervoll	mann
Karl	Karl Eugen Hammerstedt	mann
Kittill	Kittill Kristoffersen Berg	mann
Kirsten	Kirsten Hansteen	kvinne
Kjell	Kjell Tellander	mann
Klara	Klara Amalie Skoglund	kvinne
Konrad	Konrad Gustav Knudsen	mann
Kristian	Kristian Fjeld	mann
Kristian	Kristian Magnus Falsen Johansen Moljord	mann
Lars	Lars Breie	mann
Laurits	Laurits Grønland	mann
Lars	Lars Magnus Moen	mann
Lars	Lars Ramndal	mann
Lars	Lars Sverkeson Romundstad	mann
Leif	Leif Bjorholt Burull	mann
Leif	Leif Granli	mann
Leif	Leif Grøner	mann
Magnus	Magnus Johansen	mann
Margit	Margit Schiøtt	kvinne
Martin	Martin Smeby	mann
Mons	Mons Lid	mann
Nils	Nils Hønsvald	mann
Nils	Nils Kristen Jacobsen	mann
Nils	Nils Andresson Lavik	mann
Nils	Nils Trædal	mann
Nils	Nils Tveit	mann
Olav	Olav Benum	mann
Ola	Ola Torstensen Lyngstad	mann
Olav	Olav Meisdalshagen	mann
Olav	Olav Kjetilson Nylund	mann
Olav	Olav Berntsen Oksvik	mann
Ole	Ole Jensen Rong d.y.	mann
Olav	Olav Svalastog	mann
Olaf	Olaf Sørensen	mann
Olav	Olav Aslakson Versto	mann
Olaf	Olaf Fredrik Watnebryn	mann
Oscar	Oscar Olsen	mann
Oscar	Oscar Fredrik Torp	mann
Parelius	Parelius Hjalmar Bang Berntsen	mann
Paul	Paul Martin Dahlø	mann
Paul	Paul Tjøstolsen Sunde	mann
Peder	Peder Alsvik	mann
Randulf	Randulf Dalland	mann
Rakel	Rakel Seweriin	kvinne
Reidar	Reidar Carlsen	mann
Rolf	Rolf Stranger	mann
Sigurd	Sigurd Lersbryggen	mann
Sjur	Sjur Lindebrække	mann
Sverre	Sverre Hope	mann
Sverre	Sverre Offenberg Løberg	mann
Sven	Sven Nielsen	mann
Sven	Sven Oftedal	mann
Sverre	Sverre Reiten	mann
Sverre	Sverre Kornelius Eilertsen Støstad	mann
Svein	Svein Olsen Øraker	mann
Søren	Søren Berg Sørensen Moen	mann
Søren	Søren Hans Smith Sørensen	mann
Terje	Terje Wold	mann
Theodor	Theodor Broch	mann
Tidemann	Tidemann Flaata Evensen	mann
Toralv	Toralv Kollin Markussen	mann
Torkell	Torkell Vinje	mann
Trygve	Trygve Lie	mann
Trygve	Trygve Utheim	mann
Ulrik	Ulrik Olsen	mann
Wilhelm	Wilhelm Engel Bredal	mann
Aldor	Aldor Ingebrigtsen	mann
Aasmund	Aasmund Kulien	mann
Aani	Aani Aanisson Rysstad	mann
